customer_id,customer_name,customer_segment,city,country,signup_date
CUST-00001,Synthetic Customer 00001,Consumer,Hamburg,DE,2024-01-21
CUST-00002,Synthetic Customer 00002,Consumer,Stuttgart,DE,2025-03-26
CUST-00003,Synthetic Customer 00003,Consumer,Amsterdam,NL,2023-12-31
CUST-00004,Synthetic Customer 00004,Enterprise,Vienna,AT,2025-02-04
CUST-00005,Synthetic Customer 00005,Consumer,Hamburg,DE,2021-12-19
CUST-00006,Synthetic Customer 00006,Consumer,Vienna,AT,2022-04-17
CUST-00007,Synthetic Customer 00007,Consumer,Düsseldorf,DE,2022-02-20
CUST-00008,Synthetic Customer 00008,Small Business,Stuttgart,DE,2022-04-11
CUST-00009,Synthetic Customer 00009,Small Business,Stuttgart,DE,2022-11-09
CUST-00010,Synthetic Customer 00010,Mid-Market,Düsseldorf,DE,2024-06-17
CUST-00011,Synthetic Customer 00011,Consumer,Hamburg,DE,2024-09-03
CUST-00012,Synthetic Customer 00012,Consumer,Cologne,DE,2023-05-08
CUST-00013,Synthetic Customer 00013,Small Business,Berlin,DE,2023-05-09
CUST-00014,Synthetic Customer 00014,Consumer,Amsterdam,NL,2025-02-08
CUST-00015,Synthetic Customer 00015,Consumer,Berlin,DE,2025-06-03
CUST-00016,Synthetic Customer 00016,Consumer,Berlin,DE,2021-09-25
CUST-00017,Synthetic Customer 00017,Consumer,Düsseldorf,DE,2023-10-13
CUST-00018,Synthetic Customer 00018,Small Business,Hamburg,DE,2023-11-17
CUST-00019,Synthetic Customer 00019,Consumer,Cologne,DE,2025-05-07
CUST-00020,Synthetic Customer 00020,Consumer,Stuttgart,DE,2022-10-31
CUST-00021,Synthetic Customer 00021,Consumer,Warsaw,PL,2024-04-10
CUST-00022,Synthetic Customer 00022,Consumer,Berlin,DE,2024-09-02
CUST-00023,Synthetic Customer 00023,Small Business,Cologne,DE,2023-12-30
CUST-00024,Synthetic Customer 00024,Consumer,Brussels,BE,2023-11-28
CUST-00025,Synthetic Customer 00025,Consumer,Berlin,DE,2023-11-26
CUST-00026,Synthetic Customer 00026,Small Business,Berlin,DE,2023-09-17
CUST-00027,Synthetic Customer 00027,Consumer,Berlin,DE,2025-06-09
CUST-00028,Synthetic Customer 00028,Enterprise,Frankfurt,DE,2024-12-07
CUST-00029,Synthetic Customer 00029,Consumer,Berlin,DE,2024-08-21
CUST-00030,Synthetic Customer 00030,Small Business,Stuttgart,DE,2022-04-25
CUST-00031,Synthetic Customer 00031,Small Business,Frankfurt,DE,2022-07-27
CUST-00032,Synthetic Customer 00032,Consumer,Stuttgart,DE,2024-03-04
CUST-00033,Synthetic Customer 00033,Consumer,Berlin,DE,2022-10-17
CUST-00034,Synthetic Customer 00034,Consumer,Stuttgart,DE,2025-07-25
CUST-00035,Synthetic Customer 00035,Small Business,Berlin,DE,2024-03-09
CUST-00036,Synthetic Customer 00036,Consumer,Hamburg,DE,2021-11-14
CUST-00037,Synthetic Customer 00037,Consumer,Düsseldorf,DE,2022-03-23
CUST-00038,Synthetic Customer 00038,Small Business,Cologne,DE,2024-03-07
CUST-00039,Synthetic Customer 00039,Consumer,Berlin,DE,2023-02-01
CUST-00040,Synthetic Customer 00040,Consumer,Stuttgart,DE,2023-10-03
CUST-00041,Synthetic Customer 00041,Consumer,Frankfurt,DE,2024-09-09
CUST-00042,Synthetic Customer 00042,Mid-Market,Leipzig,DE,2025-05-08
CUST-00043,Synthetic Customer 00043,Consumer,Stuttgart,DE,2025-05-18
CUST-00044,Synthetic Customer 00044,Consumer,Vienna,AT,2024-11-18
CUST-00045,Synthetic Customer 00045,Consumer,Frankfurt,DE,2023-07-24
CUST-00046,Synthetic Customer 00046,Consumer,Warsaw,PL,2024-04-27
CUST-00047,Synthetic Customer 00047,Consumer,Cologne,DE,2025-06-15
CUST-00048,Synthetic Customer 00048,Consumer,Berlin,DE,2025-03-03
CUST-00049,Synthetic Customer 00049,Consumer,Paris,FR,2021-11-22
CUST-00050,Synthetic Customer 00050,Consumer,Frankfurt,DE,2025-01-09
CUST-00051,Synthetic Customer 00051,Small Business,Stuttgart,DE,2024-06-27
CUST-00052,Synthetic Customer 00052,Consumer,Munich,DE,2024-11-19
CUST-00053,Synthetic Customer 00053,Consumer,Berlin,DE,2023-09-17
CUST-00054,Synthetic Customer 00054,Consumer,Cologne,DE,2022-10-28
CUST-00055,Synthetic Customer 00055,Consumer,Cologne,DE,2024-11-29
CUST-00056,Synthetic Customer 00056,Consumer,Hamburg,DE,2022-02-10
CUST-00057,Synthetic Customer 00057,Mid-Market,Hamburg,DE,2025-06-11
CUST-00058,Synthetic Customer 00058,Consumer,Warsaw,PL,2025-04-02
CUST-00059,Synthetic Customer 00059,Consumer,Berlin,DE,2023-10-26
CUST-00060,Synthetic Customer 00060,Consumer,Hamburg,DE,2022-01-27
CUST-00061,Synthetic Customer 00061,Enterprise,Berlin,DE,2023-10-31
CUST-00062,Synthetic Customer 00062,Small Business,Hamburg,DE,2022-09-17
CUST-00063,Synthetic Customer 00063,Small Business,Munich,DE,2022-08-22
CUST-00064,Synthetic Customer 00064,Small Business,Hamburg,DE,2024-08-19
CUST-00065,Synthetic Customer 00065,Small Business,Cologne,DE,2024-10-09
CUST-00066,Synthetic Customer 00066,Consumer,Hamburg,DE,2024-06-26
CUST-00067,Synthetic Customer 00067,Consumer,Berlin,DE,2024-08-02
CUST-00068,Synthetic Customer 00068,Small Business,Munich,DE,2025-07-19
CUST-00069,Synthetic Customer 00069,Small Business,Berlin,DE,2022-07-01
CUST-00070,Synthetic Customer 00070,Consumer,Hamburg,DE,2022-09-21
CUST-00071,Synthetic Customer 00071,Consumer,Leipzig,DE,2023-09-29
CUST-00072,Synthetic Customer 00072,Consumer,Frankfurt,DE,2025-04-27
CUST-00073,Synthetic Customer 00073,Consumer,Hamburg,DE,2022-03-01
CUST-00074,Synthetic Customer 00074,Consumer,Leipzig,DE,2021-11-05
CUST-00075,Synthetic Customer 00075,Consumer,Munich,DE,2023-09-26
CUST-00076,Synthetic Customer 00076,Consumer,Munich,DE,2021-12-02
CUST-00077,Synthetic Customer 00077,Small Business,Munich,DE,2023-05-09
CUST-00078,Synthetic Customer 00078,Consumer,Leipzig,DE,2025-03-20
CUST-00079,Synthetic Customer 00079,Small Business,Cologne,DE,2024-03-28
CUST-00080,Synthetic Customer 00080,Small Business,Berlin,DE,2024-08-08
CUST-00081,Synthetic Customer 00081,Mid-Market,Düsseldorf,DE,2022-11-02
CUST-00082,Synthetic Customer 00082,Small Business,Berlin,DE,2022-02-08
CUST-00083,Synthetic Customer 00083,Consumer,Berlin,DE,2024-12-24
CUST-00084,Synthetic Customer 00084,Small Business,Munich,DE,2023-10-03
CUST-00085,Synthetic Customer 00085,Consumer,Cologne,DE,2024-03-19
CUST-00086,Synthetic Customer 00086,Small Business,Cologne,DE,2023-12-18
CUST-00087,Synthetic Customer 00087,Small Business,Munich,DE,2025-06-05
CUST-00088,Synthetic Customer 00088,Consumer,Berlin,DE,2025-05-06
CUST-00089,Synthetic Customer 00089,Consumer,Munich,DE,2025-07-09
CUST-00090,Synthetic Customer 00090,Consumer,Munich,DE,2024-10-14
CUST-00091,Synthetic Customer 00091,Consumer,Berlin,DE,2025-05-25
CUST-00092,Synthetic Customer 00092,Consumer,Cologne,DE,2025-06-29
CUST-00093,Synthetic Customer 00093,Consumer,Leipzig,DE,2024-12-16
CUST-00094,Synthetic Customer 00094,Consumer,Berlin,DE,2023-12-20
CUST-00095,Synthetic Customer 00095,Small Business,Frankfurt,DE,2022-03-01
CUST-00096,Synthetic Customer 00096,Consumer,Frankfurt,DE,2024-12-06
CUST-00097,Synthetic Customer 00097,Consumer,Stuttgart,DE,2024-09-30
CUST-00098,Synthetic Customer 00098,Small Business,Paris,FR,2023-11-12
CUST-00099,Synthetic Customer 00099,Small Business,Frankfurt,DE,2022-04-09
CUST-00100,Synthetic Customer 00100,Consumer,Berlin,DE,2023-07-20
CUST-00101,Synthetic Customer 00101,Consumer,Paris,FR,2022-07-14
CUST-00102,Synthetic Customer 00102,Small Business,Munich,DE,2023-09-03
CUST-00103,Synthetic Customer 00103,Consumer,Leipzig,DE,2024-11-30
CUST-00104,Synthetic Customer 00104,Small Business,Düsseldorf,DE,2022-08-13
CUST-00105,Synthetic Customer 00105,Small Business,Düsseldorf,DE,2021-10-01
CUST-00106,Synthetic Customer 00106,Consumer,Amsterdam,NL,2024-02-09
CUST-00107,Synthetic Customer 00107,Consumer,Frankfurt,DE,2022-01-25
CUST-00108,Synthetic Customer 00108,Consumer,Frankfurt,DE,2024-07-11
CUST-00109,Synthetic Customer 00109,Consumer,Warsaw,PL,2023-09-11
CUST-00110,Synthetic Customer 00110,Small Business,Hamburg,DE,2023-08-24
CUST-00111,Synthetic Customer 00111,Small Business,Paris,FR,2023-06-14
CUST-00112,Synthetic Customer 00112,Consumer,Cologne,DE,2024-06-14
CUST-00113,Synthetic Customer 00113,Small Business,Berlin,DE,2025-06-14
CUST-00114,Synthetic Customer 00114,Consumer,Cologne,DE,2021-11-30
CUST-00115,Synthetic Customer 00115,Small Business,Berlin,DE,2024-06-30
CUST-00116,Synthetic Customer 00116,Consumer,Cologne,DE,2024-02-13
CUST-00117,Synthetic Customer 00117,Consumer,Hamburg,DE,2024-03-05
CUST-00118,Synthetic Customer 00118,Consumer,Berlin,DE,2024-04-29
CUST-00119,Synthetic Customer 00119,Consumer,Düsseldorf,DE,2023-12-19
CUST-00120,Synthetic Customer 00120,Small Business,Hamburg,DE,2025-01-14
CUST-00121,Synthetic Customer 00121,Small Business,Paris,FR,2021-10-27
CUST-00122,Synthetic Customer 00122,Small Business,Prague,CZ,2022-04-17
CUST-00123,Synthetic Customer 00123,Small Business,Hamburg,DE,2025-05-01
CUST-00124,Synthetic Customer 00124,Consumer,Hamburg,DE,2024-02-01
CUST-00125,Synthetic Customer 00125,Small Business,Stuttgart,DE,2024-07-23
CUST-00126,Synthetic Customer 00126,Consumer,Berlin,DE,2025-06-04
CUST-00127,Synthetic Customer 00127,Small Business,Paris,FR,2024-03-23
CUST-00128,Synthetic Customer 00128,Consumer,Frankfurt,DE,2025-01-24
CUST-00129,Synthetic Customer 00129,Consumer,Berlin,DE,2023-08-31
CUST-00130,Synthetic Customer 00130,Small Business,Stuttgart,DE,2023-06-14
CUST-00131,Synthetic Customer 00131,Consumer,Berlin,DE,2021-10-23
CUST-00132,Synthetic Customer 00132,Consumer,Frankfurt,DE,2023-05-31
CUST-00133,Synthetic Customer 00133,Enterprise,Amsterdam,NL,2023-01-24
CUST-00134,Synthetic Customer 00134,Consumer,Düsseldorf,DE,2025-06-03
CUST-00135,Synthetic Customer 00135,Enterprise,Berlin,DE,2025-07-18
CUST-00136,Synthetic Customer 00136,Enterprise,Berlin,DE,2022-08-09
CUST-00137,Synthetic Customer 00137,Consumer,Prague,CZ,2024-04-02
CUST-00138,Synthetic Customer 00138,Consumer,Leipzig,DE,2023-10-13
CUST-00139,Synthetic Customer 00139,Mid-Market,Amsterdam,NL,2022-11-17
CUST-00140,Synthetic Customer 00140,Consumer,Cologne,DE,2022-06-23
CUST-00141,Synthetic Customer 00141,Small Business,Paris,FR,2022-03-04
CUST-00142,Synthetic Customer 00142,Consumer,Amsterdam,NL,2025-04-15
CUST-00143,Synthetic Customer 00143,Consumer,Munich,DE,2021-10-07
CUST-00144,Synthetic Customer 00144,Consumer,Prague,CZ,2022-09-29
CUST-00145,Synthetic Customer 00145,Consumer,Düsseldorf,DE,2024-10-23
CUST-00146,Synthetic Customer 00146,Small Business,Hamburg,DE,2024-06-05
CUST-00147,Synthetic Customer 00147,Mid-Market,Munich,DE,2022-05-12
CUST-00148,Synthetic Customer 00148,Consumer,Düsseldorf,DE,2024-08-23
CUST-00149,Synthetic Customer 00149,Small Business,Frankfurt,DE,2022-01-04
CUST-00150,Synthetic Customer 00150,Consumer,Stuttgart,DE,2024-01-13
CUST-00151,Synthetic Customer 00151,Consumer,Stuttgart,DE,2024-06-24
CUST-00152,Synthetic Customer 00152,Consumer,Munich,DE,2021-11-16
CUST-00153,Synthetic Customer 00153,Consumer,Berlin,DE,2022-12-07
CUST-00154,Synthetic Customer 00154,Mid-Market,Amsterdam,NL,2023-10-05
CUST-00155,Synthetic Customer 00155,Consumer,Stuttgart,DE,2024-03-01
CUST-00156,Synthetic Customer 00156,Consumer,Düsseldorf,DE,2024-05-04
CUST-00157,Synthetic Customer 00157,Enterprise,Amsterdam,NL,2024-08-15
CUST-00158,Synthetic Customer 00158,Small Business,Paris,FR,2023-03-22
CUST-00159,Synthetic Customer 00159,Mid-Market,Brussels,BE,2024-01-30
CUST-00160,Synthetic Customer 00160,Consumer,Leipzig,DE,2022-03-06
CUST-00161,Synthetic Customer 00161,Consumer,Amsterdam,NL,2022-11-10
CUST-00162,Synthetic Customer 00162,Small Business,Paris,FR,2022-02-19
CUST-00163,Synthetic Customer 00163,Consumer,Berlin,DE,2024-10-08
CUST-00164,Synthetic Customer 00164,Consumer,Amsterdam,NL,2022-06-18
CUST-00165,Synthetic Customer 00165,Small Business,Prague,CZ,2024-05-25
CUST-00166,Synthetic Customer 00166,Consumer,Frankfurt,DE,2024-03-17
CUST-00167,Synthetic Customer 00167,Consumer,Cologne,DE,2021-09-25
CUST-00168,Synthetic Customer 00168,Consumer,Berlin,DE,2023-11-26
CUST-00169,Synthetic Customer 00169,Consumer,Düsseldorf,DE,2025-02-21
CUST-00170,Synthetic Customer 00170,Consumer,Cologne,DE,2025-06-02
CUST-00171,Synthetic Customer 00171,Small Business,Stuttgart,DE,2022-06-12
CUST-00172,Synthetic Customer 00172,Consumer,Stuttgart,DE,2023-12-07
CUST-00173,Synthetic Customer 00173,Consumer,Frankfurt,DE,2022-07-27
CUST-00174,Synthetic Customer 00174,Small Business,Amsterdam,NL,2023-06-25
CUST-00175,Synthetic Customer 00175,Consumer,Berlin,DE,2023-01-29
CUST-00176,Synthetic Customer 00176,Enterprise,Hamburg,DE,2024-11-18
CUST-00177,Synthetic Customer 00177,Small Business,Berlin,DE,2022-08-14
CUST-00178,Synthetic Customer 00178,Consumer,Berlin,DE,2025-06-30
CUST-00179,Synthetic Customer 00179,Consumer,Vienna,AT,2025-05-05
CUST-00180,Synthetic Customer 00180,Mid-Market,Munich,DE,2021-11-18
CUST-00181,Synthetic Customer 00181,Consumer,Cologne,DE,2024-08-06
CUST-00182,Synthetic Customer 00182,Consumer,Düsseldorf,DE,2022-04-19
CUST-00183,Synthetic Customer 00183,Consumer,Stuttgart,DE,2023-03-09
CUST-00184,Synthetic Customer 00184,Consumer,Berlin,DE,2023-10-06
CUST-00185,Synthetic Customer 00185,Consumer,Berlin,DE,2024-03-25
CUST-00186,Synthetic Customer 00186,Consumer,Amsterdam,NL,2025-01-06
CUST-00187,Synthetic Customer 00187,Consumer,Munich,DE,2023-10-26
CUST-00188,Synthetic Customer 00188,Consumer,Brussels,BE,2023-04-22
CUST-00189,Synthetic Customer 00189,Consumer,Frankfurt,DE,2022-03-05
CUST-00190,Synthetic Customer 00190,Consumer,Munich,DE,2022-07-08
CUST-00191,Synthetic Customer 00191,Consumer,Frankfurt,DE,2022-11-24
CUST-00192,Synthetic Customer 00192,Consumer,Berlin,DE,2023-07-13
CUST-00193,Synthetic Customer 00193,Consumer,Brussels,BE,2024-07-09
CUST-00194,Synthetic Customer 00194,Consumer,Brussels,BE,2024-10-07
CUST-00195,Synthetic Customer 00195,Consumer,Berlin,DE,2024-02-29
CUST-00196,Synthetic Customer 00196,Consumer,Vienna,AT,2021-09-16
CUST-00197,Synthetic Customer 00197,Consumer,Berlin,DE,2024-04-27
CUST-00198,Synthetic Customer 00198,Small Business,Frankfurt,DE,2024-04-12
CUST-00199,Synthetic Customer 00199,Small Business,Stuttgart,DE,2024-06-16
CUST-00200,Synthetic Customer 00200,Small Business,Munich,DE,2025-07-27
CUST-00201,Synthetic Customer 00201,Consumer,Warsaw,PL,2025-01-28
CUST-00202,Synthetic Customer 00202,Consumer,Warsaw,PL,2024-08-18
CUST-00203,Synthetic Customer 00203,Consumer,Berlin,DE,2023-01-03
CUST-00204,Synthetic Customer 00204,Consumer,Berlin,DE,2024-12-19
CUST-00205,Synthetic Customer 00205,Consumer,Stuttgart,DE,2023-04-27
CUST-00206,Synthetic Customer 00206,Mid-Market,Frankfurt,DE,2022-06-13
CUST-00207,Synthetic Customer 00207,Consumer,Frankfurt,DE,2025-03-27
CUST-00208,Synthetic Customer 00208,Small Business,Vienna,AT,2022-10-17
CUST-00209,Synthetic Customer 00209,Consumer,Leipzig,DE,2025-04-24
CUST-00210,Synthetic Customer 00210,Consumer,Düsseldorf,DE,2022-12-15
CUST-00211,Synthetic Customer 00211,Mid-Market,Amsterdam,NL,2025-05-12
CUST-00212,Synthetic Customer 00212,Consumer,Munich,DE,2022-07-28
CUST-00213,Synthetic Customer 00213,Consumer,Warsaw,PL,2025-07-24
CUST-00214,Synthetic Customer 00214,Consumer,Berlin,DE,2022-08-02
CUST-00215,Synthetic Customer 00215,Consumer,Berlin,DE,2022-08-31
CUST-00216,Synthetic Customer 00216,Consumer,Berlin,DE,2024-10-01
CUST-00217,Synthetic Customer 00217,Consumer,Stuttgart,DE,2025-02-17
CUST-00218,Synthetic Customer 00218,Consumer,Munich,DE,2025-04-12
CUST-00219,Synthetic Customer 00219,Consumer,Düsseldorf,DE,2025-06-16
CUST-00220,Synthetic Customer 00220,Enterprise,Frankfurt,DE,2023-01-19
CUST-00221,Synthetic Customer 00221,Consumer,Vienna,AT,2024-09-07
CUST-00222,Synthetic Customer 00222,Consumer,Frankfurt,DE,2024-05-24
CUST-00223,Synthetic Customer 00223,Consumer,Stuttgart,DE,2024-01-12
CUST-00224,Synthetic Customer 00224,Small Business,Düsseldorf,DE,2022-11-11
CUST-00225,Synthetic Customer 00225,Small Business,Berlin,DE,2022-08-05
CUST-00226,Synthetic Customer 00226,Consumer,Berlin,DE,2021-12-20
CUST-00227,Synthetic Customer 00227,Consumer,Cologne,DE,2023-02-27
CUST-00228,Synthetic Customer 00228,Small Business,Hamburg,DE,2025-03-01
CUST-00229,Synthetic Customer 00229,Consumer,Hamburg,DE,2025-07-10
CUST-00230,Synthetic Customer 00230,Mid-Market,Düsseldorf,DE,2022-10-18
CUST-00231,Synthetic Customer 00231,Consumer,Amsterdam,NL,2025-04-07
CUST-00232,Synthetic Customer 00232,Consumer,Warsaw,PL,2024-09-21
CUST-00233,Synthetic Customer 00233,Small Business,Berlin,DE,2024-07-01
CUST-00234,Synthetic Customer 00234,Small Business,Leipzig,DE,2022-03-20
CUST-00235,Synthetic Customer 00235,Consumer,Prague,CZ,2024-08-10
CUST-00236,Synthetic Customer 00236,Consumer,Düsseldorf,DE,2024-01-18
CUST-00237,Synthetic Customer 00237,Consumer,Hamburg,DE,2022-07-21
CUST-00238,Synthetic Customer 00238,Consumer,Hamburg,DE,2025-04-09
CUST-00239,Synthetic Customer 00239,Consumer,Warsaw,PL,2025-07-19
CUST-00240,Synthetic Customer 00240,Enterprise,Munich,DE,2023-01-11
CUST-00241,Synthetic Customer 00241,Enterprise,Hamburg,DE,2022-05-15
CUST-00242,Synthetic Customer 00242,Enterprise,Düsseldorf,DE,2024-09-12
CUST-00243,Synthetic Customer 00243,Small Business,Hamburg,DE,2022-03-20
CUST-00244,Synthetic Customer 00244,Consumer,Stuttgart,DE,2025-05-05
CUST-00245,Synthetic Customer 00245,Small Business,Cologne,DE,2022-12-25
CUST-00246,Synthetic Customer 00246,Consumer,Berlin,DE,2024-02-17
CUST-00247,Synthetic Customer 00247,Consumer,Hamburg,DE,2023-08-15
CUST-00248,Synthetic Customer 00248,Consumer,Paris,FR,2022-10-21
CUST-00249,Synthetic Customer 00249,Consumer,Berlin,DE,2021-11-14
CUST-00250,Synthetic Customer 00250,Consumer,Munich,DE,2024-07-16
CUST-00251,Synthetic Customer 00251,Small Business,Stuttgart,DE,2022-08-15
CUST-00252,Synthetic Customer 00252,Enterprise,Paris,FR,2023-12-04
CUST-00253,Synthetic Customer 00253,Small Business,Paris,FR,2023-11-05
CUST-00254,Synthetic Customer 00254,Small Business,Stuttgart,DE,2024-05-11
CUST-00255,Synthetic Customer 00255,Mid-Market,Frankfurt,DE,2025-01-29
CUST-00256,Synthetic Customer 00256,Consumer,Munich,DE,2023-06-26
CUST-00257,Synthetic Customer 00257,Consumer,Frankfurt,DE,2021-10-26
CUST-00258,Synthetic Customer 00258,Small Business,Munich,DE,2024-08-09
CUST-00259,Synthetic Customer 00259,Consumer,Amsterdam,NL,2022-05-18
CUST-00260,Synthetic Customer 00260,Consumer,Berlin,DE,2024-06-19
CUST-00261,Synthetic Customer 00261,Consumer,Berlin,DE,2023-02-16
CUST-00262,Synthetic Customer 00262,Consumer,Warsaw,PL,2022-02-09
CUST-00263,Synthetic Customer 00263,Consumer,Cologne,DE,2023-02-24
CUST-00264,Synthetic Customer 00264,Small Business,Frankfurt,DE,2025-01-02
CUST-00265,Synthetic Customer 00265,Consumer,Frankfurt,DE,2023-08-21
CUST-00266,Synthetic Customer 00266,Consumer,Stuttgart,DE,2021-10-25
CUST-00267,Synthetic Customer 00267,Enterprise,Cologne,DE,2021-12-25
CUST-00268,Synthetic Customer 00268,Consumer,Prague,CZ,2021-10-15
CUST-00269,Synthetic Customer 00269,Small Business,Cologne,DE,2024-10-08
CUST-00270,Synthetic Customer 00270,Consumer,Hamburg,DE,2023-01-28
CUST-00271,Synthetic Customer 00271,Consumer,Frankfurt,DE,2024-12-13
CUST-00272,Synthetic Customer 00272,Consumer,Vienna,AT,2022-07-29
CUST-00273,Synthetic Customer 00273,Enterprise,Brussels,BE,2025-07-26
CUST-00274,Synthetic Customer 00274,Consumer,Stuttgart,DE,2023-12-05
CUST-00275,Synthetic Customer 00275,Consumer,Prague,CZ,2024-08-18
CUST-00276,Synthetic Customer 00276,Consumer,Stuttgart,DE,2024-03-03
CUST-00277,Synthetic Customer 00277,Consumer,Berlin,DE,2024-04-28
CUST-00278,Synthetic Customer 00278,Consumer,Hamburg,DE,2025-07-15
CUST-00279,Synthetic Customer 00279,Consumer,Frankfurt,DE,2022-02-08
CUST-00280,Synthetic Customer 00280,Consumer,Warsaw,PL,2023-10-05
CUST-00281,Synthetic Customer 00281,Consumer,Berlin,DE,2021-11-29
CUST-00282,Synthetic Customer 00282,Enterprise,Berlin,DE,2022-10-13
CUST-00283,Synthetic Customer 00283,Consumer,Stuttgart,DE,2023-06-06
CUST-00284,Synthetic Customer 00284,Consumer,Warsaw,PL,2022-04-10
CUST-00285,Synthetic Customer 00285,Small Business,Frankfurt,DE,2024-06-28
CUST-00286,Synthetic Customer 00286,Small Business,Düsseldorf,DE,2022-09-16
CUST-00287,Synthetic Customer 00287,Small Business,Berlin,DE,2025-04-27
CUST-00288,Synthetic Customer 00288,Consumer,Leipzig,DE,2023-11-12
CUST-00289,Synthetic Customer 00289,Small Business,Cologne,DE,2021-12-09
CUST-00290,Synthetic Customer 00290,Consumer,Berlin,DE,2023-02-21
CUST-00291,Synthetic Customer 00291,Consumer,Berlin,DE,2022-07-31
CUST-00292,Synthetic Customer 00292,Consumer,Cologne,DE,2022-05-06
CUST-00293,Synthetic Customer 00293,Consumer,Berlin,DE,2023-10-19
CUST-00294,Synthetic Customer 00294,Consumer,Düsseldorf,DE,2022-01-02
CUST-00295,Synthetic Customer 00295,Small Business,Frankfurt,DE,2023-02-16
CUST-00296,Synthetic Customer 00296,Consumer,Berlin,DE,2025-01-10
CUST-00297,Synthetic Customer 00297,Consumer,Hamburg,DE,2025-04-05
CUST-00298,Synthetic Customer 00298,Consumer,Düsseldorf,DE,2024-06-13
CUST-00299,Synthetic Customer 00299,Consumer,Vienna,AT,2022-12-04
CUST-00300,Synthetic Customer 00300,Mid-Market,Berlin,DE,2024-06-04
CUST-00301,Synthetic Customer 00301,Consumer,Brussels,BE,2023-07-27
CUST-00302,Synthetic Customer 00302,Consumer,Berlin,DE,2025-01-10
CUST-00303,Synthetic Customer 00303,Small Business,Düsseldorf,DE,2025-01-26
CUST-00304,Synthetic Customer 00304,Small Business,Stuttgart,DE,2024-08-15
CUST-00305,Synthetic Customer 00305,Consumer,Warsaw,PL,2023-09-20
CUST-00306,Synthetic Customer 00306,Consumer,Hamburg,DE,2022-02-15
CUST-00307,Synthetic Customer 00307,Consumer,Berlin,DE,2024-05-12
CUST-00308,Synthetic Customer 00308,Consumer,Munich,DE,2022-05-31
CUST-00309,Synthetic Customer 00309,Consumer,Frankfurt,DE,2021-10-03
CUST-00310,Synthetic Customer 00310,Consumer,Düsseldorf,DE,2023-11-03
CUST-00311,Synthetic Customer 00311,Consumer,Hamburg,DE,2022-11-17
CUST-00312,Synthetic Customer 00312,Small Business,Berlin,DE,2023-04-15
CUST-00313,Synthetic Customer 00313,Enterprise,Cologne,DE,2022-05-28
CUST-00314,Synthetic Customer 00314,Consumer,Amsterdam,NL,2022-12-25
CUST-00315,Synthetic Customer 00315,Consumer,Munich,DE,2024-02-26
CUST-00316,Synthetic Customer 00316,Consumer,Cologne,DE,2024-07-03
CUST-00317,Synthetic Customer 00317,Consumer,Frankfurt,DE,2022-10-18
CUST-00318,Synthetic Customer 00318,Consumer,Berlin,DE,2024-09-26
CUST-00319,Synthetic Customer 00319,Small Business,Berlin,DE,2025-07-15
CUST-00320,Synthetic Customer 00320,Consumer,Munich,DE,2023-10-18
CUST-00321,Synthetic Customer 00321,Small Business,Warsaw,PL,2025-04-01
CUST-00322,Synthetic Customer 00322,Consumer,Berlin,DE,2025-03-31
CUST-00323,Synthetic Customer 00323,Consumer,Hamburg,DE,2024-05-03
CUST-00324,Synthetic Customer 00324,Small Business,Munich,DE,2022-07-21
CUST-00325,Synthetic Customer 00325,Consumer,Berlin,DE,2024-06-03
CUST-00326,Synthetic Customer 00326,Consumer,Berlin,DE,2025-01-21
CUST-00327,Synthetic Customer 00327,Consumer,Hamburg,DE,2023-03-22
CUST-00328,Synthetic Customer 00328,Consumer,Düsseldorf,DE,2024-06-10
CUST-00329,Synthetic Customer 00329,Small Business,Berlin,DE,2024-03-07
CUST-00330,Synthetic Customer 00330,Consumer,Warsaw,PL,2024-06-10
CUST-00331,Synthetic Customer 00331,Consumer,Berlin,DE,2025-07-12
CUST-00332,Synthetic Customer 00332,Consumer,Stuttgart,DE,2023-11-03
CUST-00333,Synthetic Customer 00333,Consumer,Munich,DE,2024-08-15
CUST-00334,Synthetic Customer 00334,Consumer,Berlin,DE,2023-10-20
CUST-00335,Synthetic Customer 00335,Small Business,Hamburg,DE,2022-04-17
CUST-00336,Synthetic Customer 00336,Consumer,Brussels,BE,2023-08-05
CUST-00337,Synthetic Customer 00337,Consumer,Leipzig,DE,2021-09-13
CUST-00338,Synthetic Customer 00338,Consumer,Berlin,DE,2024-06-04
CUST-00339,Synthetic Customer 00339,Consumer,Warsaw,PL,2023-03-26
CUST-00340,Synthetic Customer 00340,Small Business,Paris,FR,2022-03-25
CUST-00341,Synthetic Customer 00341,Consumer,Munich,DE,2024-06-12
CUST-00342,Synthetic Customer 00342,Consumer,Paris,FR,2024-11-13
CUST-00343,Synthetic Customer 00343,Small Business,Stuttgart,DE,2024-01-11
CUST-00344,Synthetic Customer 00344,Small Business,Hamburg,DE,2024-09-15
CUST-00345,Synthetic Customer 00345,Small Business,Berlin,DE,2021-10-18
CUST-00346,Synthetic Customer 00346,Consumer,Vienna,AT,2025-05-30
CUST-00347,Synthetic Customer 00347,Mid-Market,Munich,DE,2023-01-19
CUST-00348,Synthetic Customer 00348,Consumer,Warsaw,PL,2024-12-10
CUST-00349,Synthetic Customer 00349,Consumer,Amsterdam,NL,2025-04-15
CUST-00350,Synthetic Customer 00350,Consumer,Brussels,BE,2024-09-05
CUST-00351,Synthetic Customer 00351,Small Business,Hamburg,DE,2023-08-05
CUST-00352,Synthetic Customer 00352,Small Business,Vienna,AT,2024-06-27
CUST-00353,Synthetic Customer 00353,Consumer,Frankfurt,DE,2024-12-10
CUST-00354,Synthetic Customer 00354,Consumer,Düsseldorf,DE,2023-06-26
CUST-00355,Synthetic Customer 00355,Small Business,Warsaw,PL,2024-10-17
CUST-00356,Synthetic Customer 00356,Consumer,Prague,CZ,2021-11-26
CUST-00357,Synthetic Customer 00357,Small Business,Munich,DE,2024-12-15
CUST-00358,Synthetic Customer 00358,Small Business,Berlin,DE,2025-05-10
CUST-00359,Synthetic Customer 00359,Consumer,Berlin,DE,2025-05-19
CUST-00360,Synthetic Customer 00360,Consumer,Munich,DE,2022-03-14
CUST-00361,Synthetic Customer 00361,Mid-Market,Prague,CZ,2023-04-02
CUST-00362,Synthetic Customer 00362,Consumer,Berlin,DE,2022-05-18
CUST-00363,Synthetic Customer 00363,Consumer,Munich,DE,2023-10-03
CUST-00364,Synthetic Customer 00364,Consumer,Leipzig,DE,2021-09-28
CUST-00365,Synthetic Customer 00365,Consumer,Berlin,DE,2023-03-08
CUST-00366,Synthetic Customer 00366,Consumer,Hamburg,DE,2024-07-21
CUST-00367,Synthetic Customer 00367,Small Business,Amsterdam,NL,2022-08-04
CUST-00368,Synthetic Customer 00368,Consumer,Berlin,DE,2023-02-26
CUST-00369,Synthetic Customer 00369,Mid-Market,Amsterdam,NL,2024-06-27
CUST-00370,Synthetic Customer 00370,Enterprise,Munich,DE,2021-09-28
CUST-00371,Synthetic Customer 00371,Consumer,Cologne,DE,2023-03-19
CUST-00372,Synthetic Customer 00372,Consumer,Warsaw,PL,2025-07-11
CUST-00373,Synthetic Customer 00373,Consumer,Amsterdam,NL,2025-03-02
CUST-00374,Synthetic Customer 00374,Mid-Market,Cologne,DE,2022-03-23
CUST-00375,Synthetic Customer 00375,Mid-Market,Cologne,DE,2024-05-01
CUST-00376,Synthetic Customer 00376,Consumer,Munich,DE,2023-01-02
CUST-00377,Synthetic Customer 00377,Mid-Market,Berlin,DE,2023-09-28
CUST-00378,Synthetic Customer 00378,Consumer,Amsterdam,NL,2023-09-13
CUST-00379,Synthetic Customer 00379,Consumer,Hamburg,DE,2024-07-13
CUST-00380,Synthetic Customer 00380,Consumer,Cologne,DE,2023-10-04
CUST-00381,Synthetic Customer 00381,Small Business,Cologne,DE,2022-05-15
CUST-00382,Synthetic Customer 00382,Consumer,Munich,DE,2022-12-01
CUST-00383,Synthetic Customer 00383,Consumer,Vienna,AT,2022-05-13
CUST-00384,Synthetic Customer 00384,Small Business,Stuttgart,DE,2024-03-21
CUST-00385,Synthetic Customer 00385,Consumer,Brussels,BE,2025-01-29
CUST-00386,Synthetic Customer 00386,Consumer,Hamburg,DE,2022-03-16
CUST-00387,Synthetic Customer 00387,Consumer,Leipzig,DE,2022-10-15
CUST-00388,Synthetic Customer 00388,Small Business,Brussels,BE,2025-03-19
CUST-00389,Synthetic Customer 00389,Consumer,Frankfurt,DE,2022-11-17
CUST-00390,Synthetic Customer 00390,Consumer,Hamburg,DE,2021-12-03
CUST-00391,Synthetic Customer 00391,Mid-Market,Warsaw,PL,2025-03-23
CUST-00392,Synthetic Customer 00392,Consumer,Berlin,DE,2025-01-13
CUST-00393,Synthetic Customer 00393,Consumer,Frankfurt,DE,2023-02-18
CUST-00394,Synthetic Customer 00394,Small Business,Berlin,DE,2022-04-02
CUST-00395,Synthetic Customer 00395,Consumer,Vienna,AT,2024-05-06
CUST-00396,Synthetic Customer 00396,Consumer,Munich,DE,2024-11-09
CUST-00397,Synthetic Customer 00397,Small Business,Düsseldorf,DE,2021-11-29
CUST-00398,Synthetic Customer 00398,Small Business,Munich,DE,2022-07-14
CUST-00399,Synthetic Customer 00399,Consumer,Munich,DE,2024-09-01
CUST-00400,Synthetic Customer 00400,Consumer,Cologne,DE,2023-05-29
CUST-00401,Synthetic Customer 00401,Consumer,Stuttgart,DE,2023-11-20
CUST-00402,Synthetic Customer 00402,Small Business,Stuttgart,DE,2023-11-23
CUST-00403,Synthetic Customer 00403,Small Business,Stuttgart,DE,2021-11-25
CUST-00404,Synthetic Customer 00404,Consumer,Leipzig,DE,2023-03-05
CUST-00405,Synthetic Customer 00405,Consumer,Frankfurt,DE,2022-04-10
CUST-00406,Synthetic Customer 00406,Mid-Market,Paris,FR,2022-09-21
CUST-00407,Synthetic Customer 00407,Consumer,Berlin,DE,2023-05-23
CUST-00408,Synthetic Customer 00408,Small Business,Stuttgart,DE,2023-04-20
CUST-00409,Synthetic Customer 00409,Consumer,Cologne,DE,2022-09-04
CUST-00410,Synthetic Customer 00410,Small Business,Cologne,DE,2022-05-20
CUST-00411,Synthetic Customer 00411,Consumer,Munich,DE,2023-10-14
CUST-00412,Synthetic Customer 00412,Consumer,Munich,DE,2022-01-23
CUST-00413,Synthetic Customer 00413,Consumer,Munich,DE,2024-08-12
CUST-00414,Synthetic Customer 00414,Consumer,Munich,DE,2024-11-01
CUST-00415,Synthetic Customer 00415,Consumer,Berlin,DE,2024-09-06
CUST-00416,Synthetic Customer 00416,Mid-Market,Berlin,DE,2022-02-03
CUST-00417,Synthetic Customer 00417,Small Business,Frankfurt,DE,2021-09-15
CUST-00418,Synthetic Customer 00418,Consumer,Frankfurt,DE,2023-09-19
CUST-00419,Synthetic Customer 00419,Enterprise,Hamburg,DE,2022-07-22
CUST-00420,Synthetic Customer 00420,Consumer,Cologne,DE,2024-04-30
CUST-00421,Synthetic Customer 00421,Consumer,Düsseldorf,DE,2022-01-19
CUST-00422,Synthetic Customer 00422,Consumer,Cologne,DE,2025-03-19
CUST-00423,Synthetic Customer 00423,Small Business,Berlin,DE,2021-11-29
CUST-00424,Synthetic Customer 00424,Consumer,Stuttgart,DE,2024-11-11
CUST-00425,Synthetic Customer 00425,Small Business,Düsseldorf,DE,2022-07-23
CUST-00426,Synthetic Customer 00426,Consumer,Warsaw,PL,2022-05-09
CUST-00427,Synthetic Customer 00427,Consumer,Brussels,BE,2022-01-25
CUST-00428,Synthetic Customer 00428,Small Business,Hamburg,DE,2022-04-09
CUST-00429,Synthetic Customer 00429,Consumer,Stuttgart,DE,2024-11-24
CUST-00430,Synthetic Customer 00430,Consumer,Frankfurt,DE,2022-07-10
CUST-00431,Synthetic Customer 00431,Consumer,Paris,FR,2023-05-21
CUST-00432,Synthetic Customer 00432,Consumer,Leipzig,DE,2022-03-21
CUST-00433,Synthetic Customer 00433,Consumer,Berlin,DE,2025-01-07
CUST-00434,Synthetic Customer 00434,Small Business,Berlin,DE,2023-04-16
CUST-00435,Synthetic Customer 00435,Consumer,Düsseldorf,DE,2022-09-18
CUST-00436,Synthetic Customer 00436,Consumer,Vienna,AT,2021-10-21
CUST-00437,Synthetic Customer 00437,Consumer,Stuttgart,DE,2023-09-06
CUST-00438,Synthetic Customer 00438,Small Business,Hamburg,DE,2025-07-24
CUST-00439,Synthetic Customer 00439,Consumer,Berlin,DE,2024-10-17
CUST-00440,Synthetic Customer 00440,Consumer,Munich,DE,2025-04-30
CUST-00441,Synthetic Customer 00441,Consumer,Paris,FR,2024-12-27
CUST-00442,Synthetic Customer 00442,Consumer,Munich,DE,2022-02-19
CUST-00443,Synthetic Customer 00443,Small Business,Vienna,AT,2023-10-17
CUST-00444,Synthetic Customer 00444,Consumer,Amsterdam,NL,2022-02-05
CUST-00445,Synthetic Customer 00445,Consumer,Berlin,DE,2021-11-26
CUST-00446,Synthetic Customer 00446,Consumer,Munich,DE,2024-10-14
CUST-00447,Synthetic Customer 00447,Consumer,Leipzig,DE,2021-11-08
CUST-00448,Synthetic Customer 00448,Consumer,Munich,DE,2024-10-27
CUST-00449,Synthetic Customer 00449,Consumer,Frankfurt,DE,2023-01-31
CUST-00450,Synthetic Customer 00450,Consumer,Cologne,DE,2025-01-21
CUST-00451,Synthetic Customer 00451,Consumer,Cologne,DE,2024-07-09
CUST-00452,Synthetic Customer 00452,Consumer,Berlin,DE,2022-06-17
CUST-00453,Synthetic Customer 00453,Consumer,Stuttgart,DE,2023-02-04
CUST-00454,Synthetic Customer 00454,Small Business,Hamburg,DE,2024-09-23
CUST-00455,Synthetic Customer 00455,Small Business,Munich,DE,2021-10-20
CUST-00456,Synthetic Customer 00456,Small Business,Munich,DE,2022-11-15
CUST-00457,Synthetic Customer 00457,Small Business,Stuttgart,DE,2024-05-20
CUST-00458,Synthetic Customer 00458,Small Business,Berlin,DE,2021-10-03
CUST-00459,Synthetic Customer 00459,Small Business,Berlin,DE,2025-05-04
CUST-00460,Synthetic Customer 00460,Mid-Market,Düsseldorf,DE,2023-06-07
CUST-00461,Synthetic Customer 00461,Mid-Market,Berlin,DE,2023-02-24
CUST-00462,Synthetic Customer 00462,Consumer,Düsseldorf,DE,2022-01-07
CUST-00463,Synthetic Customer 00463,Consumer,Cologne,DE,2023-11-30
CUST-00464,Synthetic Customer 00464,Small Business,Warsaw,PL,2023-08-12
CUST-00465,Synthetic Customer 00465,Consumer,Munich,DE,2023-10-24
CUST-00466,Synthetic Customer 00466,Consumer,Hamburg,DE,2022-11-22
CUST-00467,Synthetic Customer 00467,Small Business,Leipzig,DE,2024-05-31
CUST-00468,Synthetic Customer 00468,Consumer,Cologne,DE,2022-05-24
CUST-00469,Synthetic Customer 00469,Consumer,Berlin,DE,2025-03-27
CUST-00470,Synthetic Customer 00470,Consumer,Vienna,AT,2025-03-06
CUST-00471,Synthetic Customer 00471,Consumer,Düsseldorf,DE,2022-05-24
CUST-00472,Synthetic Customer 00472,Consumer,Hamburg,DE,2022-04-09
CUST-00473,Synthetic Customer 00473,Consumer,Vienna,AT,2023-06-11
CUST-00474,Synthetic Customer 00474,Consumer,Frankfurt,DE,2024-09-10
CUST-00475,Synthetic Customer 00475,Mid-Market,Frankfurt,DE,2022-06-07
CUST-00476,Synthetic Customer 00476,Consumer,Leipzig,DE,2025-06-25
CUST-00477,Synthetic Customer 00477,Consumer,Hamburg,DE,2024-09-29
CUST-00478,Synthetic Customer 00478,Small Business,Berlin,DE,2022-11-30
CUST-00479,Synthetic Customer 00479,Small Business,Frankfurt,DE,2023-06-06
CUST-00480,Synthetic Customer 00480,Consumer,Warsaw,PL,2022-09-22
CUST-00481,Synthetic Customer 00481,Small Business,Berlin,DE,2025-04-15
CUST-00482,Synthetic Customer 00482,Consumer,Munich,DE,2024-07-12
CUST-00483,Synthetic Customer 00483,Small Business,Düsseldorf,DE,2021-11-08
CUST-00484,Synthetic Customer 00484,Consumer,Berlin,DE,2024-06-17
CUST-00485,Synthetic Customer 00485,Consumer,Frankfurt,DE,2021-09-12
CUST-00486,Synthetic Customer 00486,Consumer,Düsseldorf,DE,2023-09-02
CUST-00487,Synthetic Customer 00487,Mid-Market,Leipzig,DE,2024-10-08
CUST-00488,Synthetic Customer 00488,Consumer,Cologne,DE,2023-10-25
CUST-00489,Synthetic Customer 00489,Consumer,Paris,FR,2024-08-24
CUST-00490,Synthetic Customer 00490,Mid-Market,Düsseldorf,DE,2024-03-13
CUST-00491,Synthetic Customer 00491,Consumer,Brussels,BE,2023-01-24
CUST-00492,Synthetic Customer 00492,Consumer,Cologne,DE,2022-09-20
CUST-00493,Synthetic Customer 00493,Consumer,Leipzig,DE,2022-01-18
CUST-00494,Synthetic Customer 00494,Consumer,Berlin,DE,2022-01-25
CUST-00495,Synthetic Customer 00495,Consumer,Vienna,AT,2022-09-27
CUST-00496,Synthetic Customer 00496,Consumer,Berlin,DE,2021-11-19
CUST-00497,Synthetic Customer 00497,Mid-Market,Munich,DE,2023-07-21
CUST-00498,Synthetic Customer 00498,Consumer,Berlin,DE,2022-06-22
CUST-00499,Synthetic Customer 00499,Consumer,Leipzig,DE,2025-01-17
CUST-00500,Synthetic Customer 00500,Consumer,Berlin,DE,2021-10-20
CUST-00501,Synthetic Customer 00501,Consumer,Munich,DE,2024-10-16
CUST-00502,Synthetic Customer 00502,Consumer,Berlin,DE,2022-10-16
CUST-00503,Synthetic Customer 00503,Consumer,Cologne,DE,2023-10-26
CUST-00504,Synthetic Customer 00504,Consumer,Vienna,AT,2023-10-31
CUST-00505,Synthetic Customer 00505,Mid-Market,Frankfurt,DE,2023-10-17
CUST-00506,Synthetic Customer 00506,Small Business,Düsseldorf,DE,2025-01-13
CUST-00507,Synthetic Customer 00507,Consumer,Stuttgart,DE,2022-01-04
CUST-00508,Synthetic Customer 00508,Consumer,Berlin,DE,2024-02-21
CUST-00509,Synthetic Customer 00509,Mid-Market,Hamburg,DE,2024-11-27
CUST-00510,Synthetic Customer 00510,Consumer,Hamburg,DE,2025-01-30
CUST-00511,Synthetic Customer 00511,Consumer,Berlin,DE,2024-09-10
CUST-00512,Synthetic Customer 00512,Consumer,Hamburg,DE,2025-07-31
CUST-00513,Synthetic Customer 00513,Mid-Market,Stuttgart,DE,2022-01-18
CUST-00514,Synthetic Customer 00514,Consumer,Paris,FR,2022-10-18
CUST-00515,Synthetic Customer 00515,Consumer,Brussels,BE,2025-01-02
CUST-00516,Synthetic Customer 00516,Consumer,Berlin,DE,2022-05-20
CUST-00517,Synthetic Customer 00517,Consumer,Berlin,DE,2023-01-30
CUST-00518,Synthetic Customer 00518,Consumer,Munich,DE,2021-10-10
CUST-00519,Synthetic Customer 00519,Consumer,Munich,DE,2024-05-14
CUST-00520,Synthetic Customer 00520,Mid-Market,Berlin,DE,2024-09-03
CUST-00521,Synthetic Customer 00521,Consumer,Paris,FR,2024-10-11
CUST-00522,Synthetic Customer 00522,Consumer,Stuttgart,DE,2025-06-30
CUST-00523,Synthetic Customer 00523,Consumer,Munich,DE,2022-03-10
CUST-00524,Synthetic Customer 00524,Small Business,Hamburg,DE,2023-01-13
CUST-00525,Synthetic Customer 00525,Mid-Market,Düsseldorf,DE,2024-03-30
CUST-00526,Synthetic Customer 00526,Small Business,Vienna,AT,2022-12-05
CUST-00527,Synthetic Customer 00527,Consumer,Munich,DE,2022-06-13
CUST-00528,Synthetic Customer 00528,Enterprise,Frankfurt,DE,2022-06-28
CUST-00529,Synthetic Customer 00529,Consumer,Leipzig,DE,2023-01-09
CUST-00530,Synthetic Customer 00530,Small Business,Leipzig,DE,2022-05-11
CUST-00531,Synthetic Customer 00531,Enterprise,Prague,CZ,2024-04-30
CUST-00532,Synthetic Customer 00532,Consumer,Düsseldorf,DE,2024-05-06
CUST-00533,Synthetic Customer 00533,Small Business,Frankfurt,DE,2022-08-16
CUST-00534,Synthetic Customer 00534,Consumer,Brussels,BE,2021-10-05
CUST-00535,Synthetic Customer 00535,Consumer,Munich,DE,2023-01-18
CUST-00536,Synthetic Customer 00536,Consumer,Munich,DE,2022-08-12
CUST-00537,Synthetic Customer 00537,Consumer,Düsseldorf,DE,2024-11-06
CUST-00538,Synthetic Customer 00538,Consumer,Berlin,DE,2024-02-22
CUST-00539,Synthetic Customer 00539,Consumer,Berlin,DE,2022-06-26
CUST-00540,Synthetic Customer 00540,Small Business,Munich,DE,2022-05-13
CUST-00541,Synthetic Customer 00541,Consumer,Amsterdam,NL,2023-10-08
CUST-00542,Synthetic Customer 00542,Consumer,Leipzig,DE,2023-01-25
CUST-00543,Synthetic Customer 00543,Small Business,Frankfurt,DE,2023-10-22
CUST-00544,Synthetic Customer 00544,Enterprise,Cologne,DE,2025-03-17
CUST-00545,Synthetic Customer 00545,Consumer,Cologne,DE,2021-09-22
CUST-00546,Synthetic Customer 00546,Small Business,Cologne,DE,2022-05-28
CUST-00547,Synthetic Customer 00547,Consumer,Leipzig,DE,2024-03-12
CUST-00548,Synthetic Customer 00548,Consumer,Berlin,DE,2024-01-24
CUST-00549,Synthetic Customer 00549,Small Business,Hamburg,DE,2024-11-14
CUST-00550,Synthetic Customer 00550,Consumer,Hamburg,DE,2024-06-01
CUST-00551,Synthetic Customer 00551,Consumer,Leipzig,DE,2024-07-22
CUST-00552,Synthetic Customer 00552,Small Business,Berlin,DE,2022-11-15
CUST-00553,Synthetic Customer 00553,Mid-Market,Düsseldorf,DE,2022-07-04
CUST-00554,Synthetic Customer 00554,Small Business,Berlin,DE,2023-06-14
CUST-00555,Synthetic Customer 00555,Mid-Market,Amsterdam,NL,2023-07-17
CUST-00556,Synthetic Customer 00556,Small Business,Vienna,AT,2022-06-09
CUST-00557,Synthetic Customer 00557,Enterprise,Stuttgart,DE,2022-03-12
CUST-00558,Synthetic Customer 00558,Mid-Market,Stuttgart,DE,2023-02-20
CUST-00559,Synthetic Customer 00559,Consumer,Leipzig,DE,2023-03-19
CUST-00560,Synthetic Customer 00560,Small Business,Berlin,DE,2025-03-12
CUST-00561,Synthetic Customer 00561,Consumer,Munich,DE,2022-08-02
CUST-00562,Synthetic Customer 00562,Consumer,Düsseldorf,DE,2023-02-18
CUST-00563,Synthetic Customer 00563,Consumer,Munich,DE,2025-03-13
CUST-00564,Synthetic Customer 00564,Consumer,Hamburg,DE,2023-12-18
CUST-00565,Synthetic Customer 00565,Mid-Market,Stuttgart,DE,2023-10-10
CUST-00566,Synthetic Customer 00566,Consumer,Munich,DE,2024-06-25
CUST-00567,Synthetic Customer 00567,Consumer,Cologne,DE,2023-10-16
CUST-00568,Synthetic Customer 00568,Consumer,Berlin,DE,2024-02-01
CUST-00569,Synthetic Customer 00569,Consumer,Munich,DE,2022-02-08
CUST-00570,Synthetic Customer 00570,Small Business,Warsaw,PL,2021-09-12
CUST-00571,Synthetic Customer 00571,Small Business,Brussels,BE,2023-08-27
CUST-00572,Synthetic Customer 00572,Consumer,Stuttgart,DE,2021-11-09
CUST-00573,Synthetic Customer 00573,Consumer,Berlin,DE,2021-11-10
CUST-00574,Synthetic Customer 00574,Small Business,Berlin,DE,2024-07-22
CUST-00575,Synthetic Customer 00575,Mid-Market,Munich,DE,2023-09-23
CUST-00576,Synthetic Customer 00576,Small Business,Berlin,DE,2021-11-29
CUST-00577,Synthetic Customer 00577,Consumer,Berlin,DE,2023-02-24
CUST-00578,Synthetic Customer 00578,Mid-Market,Berlin,DE,2023-03-08
CUST-00579,Synthetic Customer 00579,Enterprise,Paris,FR,2024-01-23
CUST-00580,Synthetic Customer 00580,Consumer,Cologne,DE,2024-02-22
CUST-00581,Synthetic Customer 00581,Small Business,Cologne,DE,2024-06-08
CUST-00582,Synthetic Customer 00582,Consumer,Warsaw,PL,2024-10-13
CUST-00583,Synthetic Customer 00583,Consumer,Amsterdam,NL,2022-08-09
CUST-00584,Synthetic Customer 00584,Mid-Market,Frankfurt,DE,2023-08-18
CUST-00585,Synthetic Customer 00585,Consumer,Düsseldorf,DE,2025-04-13
CUST-00586,Synthetic Customer 00586,Small Business,Frankfurt,DE,2022-08-19
CUST-00587,Synthetic Customer 00587,Consumer,Düsseldorf,DE,2023-07-12
CUST-00588,Synthetic Customer 00588,Mid-Market,Berlin,DE,2022-01-02
CUST-00589,Synthetic Customer 00589,Consumer,Stuttgart,DE,2021-10-13
CUST-00590,Synthetic Customer 00590,Small Business,Paris,FR,2024-03-13
CUST-00591,Synthetic Customer 00591,Consumer,Munich,DE,2021-12-18
CUST-00592,Synthetic Customer 00592,Consumer,Paris,FR,2022-03-31
CUST-00593,Synthetic Customer 00593,Consumer,Munich,DE,2021-09-20
CUST-00594,Synthetic Customer 00594,Enterprise,Berlin,DE,2025-02-28
CUST-00595,Synthetic Customer 00595,Consumer,Vienna,AT,2021-12-19
CUST-00596,Synthetic Customer 00596,Enterprise,Leipzig,DE,2023-09-22
CUST-00597,Synthetic Customer 00597,Consumer,Frankfurt,DE,2023-04-03
CUST-00598,Synthetic Customer 00598,Consumer,Brussels,BE,2024-03-12
CUST-00599,Synthetic Customer 00599,Consumer,Stuttgart,DE,2023-01-04
CUST-00600,Synthetic Customer 00600,Enterprise,Munich,DE,2024-09-03
CUST-00601,Synthetic Customer 00601,Consumer,Munich,DE,2023-03-31
CUST-00602,Synthetic Customer 00602,Consumer,Hamburg,DE,2024-01-19
CUST-00603,Synthetic Customer 00603,Consumer,Prague,CZ,2021-10-28
CUST-00604,Synthetic Customer 00604,Mid-Market,Warsaw,PL,2023-06-23
CUST-00605,Synthetic Customer 00605,Mid-Market,Vienna,AT,2024-03-08
CUST-00606,Synthetic Customer 00606,Small Business,Munich,DE,2023-06-01
CUST-00607,Synthetic Customer 00607,Consumer,Berlin,DE,2025-02-12
CUST-00608,Synthetic Customer 00608,Consumer,Munich,DE,2022-11-15
CUST-00609,Synthetic Customer 00609,Consumer,Hamburg,DE,2025-04-10
CUST-00610,Synthetic Customer 00610,Enterprise,Leipzig,DE,2021-11-18
CUST-00611,Synthetic Customer 00611,Consumer,Berlin,DE,2022-04-07
CUST-00612,Synthetic Customer 00612,Consumer,Leipzig,DE,2025-02-06
CUST-00613,Synthetic Customer 00613,Consumer,Cologne,DE,2022-02-15
CUST-00614,Synthetic Customer 00614,Small Business,Hamburg,DE,2023-10-31
CUST-00615,Synthetic Customer 00615,Consumer,Prague,CZ,2025-06-15
CUST-00616,Synthetic Customer 00616,Consumer,Cologne,DE,2022-04-19
CUST-00617,Synthetic Customer 00617,Consumer,Brussels,BE,2025-05-11
CUST-00618,Synthetic Customer 00618,Consumer,Hamburg,DE,2021-10-03
CUST-00619,Synthetic Customer 00619,Mid-Market,Leipzig,DE,2023-05-01
CUST-00620,Synthetic Customer 00620,Consumer,Munich,DE,2022-10-31
CUST-00621,Synthetic Customer 00621,Small Business,Munich,DE,2025-06-13
CUST-00622,Synthetic Customer 00622,Enterprise,Hamburg,DE,2024-11-15
CUST-00623,Synthetic Customer 00623,Consumer,Stuttgart,DE,2025-04-18
CUST-00624,Synthetic Customer 00624,Mid-Market,Hamburg,DE,2023-03-27
CUST-00625,Synthetic Customer 00625,Small Business,Munich,DE,2025-06-29
CUST-00626,Synthetic Customer 00626,Consumer,Paris,FR,2024-11-17
CUST-00627,Synthetic Customer 00627,Consumer,Paris,FR,2022-11-12
CUST-00628,Synthetic Customer 00628,Consumer,Frankfurt,DE,2023-11-07
CUST-00629,Synthetic Customer 00629,Mid-Market,Munich,DE,2023-11-21
CUST-00630,Synthetic Customer 00630,Consumer,Leipzig,DE,2023-11-17
CUST-00631,Synthetic Customer 00631,Small Business,Munich,DE,2024-08-18
CUST-00632,Synthetic Customer 00632,Small Business,Berlin,DE,2024-10-07
CUST-00633,Synthetic Customer 00633,Consumer,Stuttgart,DE,2025-06-02
CUST-00634,Synthetic Customer 00634,Small Business,Leipzig,DE,2022-01-05
CUST-00635,Synthetic Customer 00635,Consumer,Leipzig,DE,2022-05-08
CUST-00636,Synthetic Customer 00636,Consumer,Hamburg,DE,2024-01-14
CUST-00637,Synthetic Customer 00637,Consumer,Frankfurt,DE,2023-11-27
CUST-00638,Synthetic Customer 00638,Consumer,Leipzig,DE,2022-11-05
CUST-00639,Synthetic Customer 00639,Consumer,Leipzig,DE,2025-01-30
CUST-00640,Synthetic Customer 00640,Consumer,Paris,FR,2024-06-18
CUST-00641,Synthetic Customer 00641,Small Business,Leipzig,DE,2024-01-26
CUST-00642,Synthetic Customer 00642,Consumer,Stuttgart,DE,2024-08-17
CUST-00643,Synthetic Customer 00643,Consumer,Cologne,DE,2023-02-23
CUST-00644,Synthetic Customer 00644,Mid-Market,Düsseldorf,DE,2022-12-14
CUST-00645,Synthetic Customer 00645,Consumer,Berlin,DE,2024-06-16
CUST-00646,Synthetic Customer 00646,Consumer,Amsterdam,NL,2022-01-27
CUST-00647,Synthetic Customer 00647,Consumer,Düsseldorf,DE,2023-12-04
CUST-00648,Synthetic Customer 00648,Mid-Market,Frankfurt,DE,2022-03-23
CUST-00649,Synthetic Customer 00649,Small Business,Amsterdam,NL,2025-01-21
CUST-00650,Synthetic Customer 00650,Mid-Market,Stuttgart,DE,2023-06-10
CUST-00651,Synthetic Customer 00651,Consumer,Munich,DE,2023-08-24
CUST-00652,Synthetic Customer 00652,Enterprise,Frankfurt,DE,2021-12-30
CUST-00653,Synthetic Customer 00653,Consumer,Brussels,BE,2024-06-06
CUST-00654,Synthetic Customer 00654,Consumer,Berlin,DE,2023-05-19
CUST-00655,Synthetic Customer 00655,Consumer,Prague,CZ,2022-04-02
CUST-00656,Synthetic Customer 00656,Mid-Market,Hamburg,DE,2022-09-24
CUST-00657,Synthetic Customer 00657,Consumer,Düsseldorf,DE,2022-06-24
CUST-00658,Synthetic Customer 00658,Consumer,Cologne,DE,2024-01-22
CUST-00659,Synthetic Customer 00659,Small Business,Berlin,DE,2025-07-01
CUST-00660,Synthetic Customer 00660,Consumer,Berlin,DE,2024-03-21
CUST-00661,Synthetic Customer 00661,Small Business,Düsseldorf,DE,2024-10-21
CUST-00662,Synthetic Customer 00662,Consumer,Frankfurt,DE,2025-04-17
CUST-00663,Synthetic Customer 00663,Consumer,Munich,DE,2022-07-12
CUST-00664,Synthetic Customer 00664,Consumer,Amsterdam,NL,2025-01-14
CUST-00665,Synthetic Customer 00665,Enterprise,Frankfurt,DE,2022-11-27
CUST-00666,Synthetic Customer 00666,Consumer,Warsaw,PL,2022-03-22
CUST-00667,Synthetic Customer 00667,Mid-Market,Berlin,DE,2025-02-19
CUST-00668,Synthetic Customer 00668,Consumer,Munich,DE,2023-08-13
CUST-00669,Synthetic Customer 00669,Small Business,Munich,DE,2021-10-21
CUST-00670,Synthetic Customer 00670,Consumer,Düsseldorf,DE,2021-10-29
CUST-00671,Synthetic Customer 00671,Small Business,Düsseldorf,DE,2023-08-17
CUST-00672,Synthetic Customer 00672,Consumer,Berlin,DE,2023-08-28
CUST-00673,Synthetic Customer 00673,Consumer,Hamburg,DE,2023-03-05
CUST-00674,Synthetic Customer 00674,Consumer,Warsaw,PL,2021-09-29
CUST-00675,Synthetic Customer 00675,Consumer,Vienna,AT,2022-03-12
CUST-00676,Synthetic Customer 00676,Enterprise,Berlin,DE,2024-11-06
CUST-00677,Synthetic Customer 00677,Consumer,Berlin,DE,2023-10-29
CUST-00678,Synthetic Customer 00678,Consumer,Berlin,DE,2025-07-21
CUST-00679,Synthetic Customer 00679,Small Business,Hamburg,DE,2023-02-23
CUST-00680,Synthetic Customer 00680,Mid-Market,Munich,DE,2023-08-16
CUST-00681,Synthetic Customer 00681,Consumer,Leipzig,DE,2023-05-19
CUST-00682,Synthetic Customer 00682,Consumer,Stuttgart,DE,2024-06-22
CUST-00683,Synthetic Customer 00683,Enterprise,Paris,FR,2022-04-15
CUST-00684,Synthetic Customer 00684,Enterprise,Leipzig,DE,2024-09-02
CUST-00685,Synthetic Customer 00685,Consumer,Düsseldorf,DE,2022-01-31
CUST-00686,Synthetic Customer 00686,Consumer,Hamburg,DE,2023-02-08
CUST-00687,Synthetic Customer 00687,Consumer,Vienna,AT,2022-06-27
CUST-00688,Synthetic Customer 00688,Consumer,Munich,DE,2024-05-09
CUST-00689,Synthetic Customer 00689,Small Business,Munich,DE,2023-01-01
CUST-00690,Synthetic Customer 00690,Consumer,Munich,DE,2024-01-17
CUST-00691,Synthetic Customer 00691,Consumer,Düsseldorf,DE,2023-01-23
CUST-00692,Synthetic Customer 00692,Consumer,Berlin,DE,2022-05-21
CUST-00693,Synthetic Customer 00693,Small Business,Cologne,DE,2021-12-02
CUST-00694,Synthetic Customer 00694,Consumer,Berlin,DE,2023-09-05
CUST-00695,Synthetic Customer 00695,Small Business,Warsaw,PL,2022-12-14
CUST-00696,Synthetic Customer 00696,Consumer,Berlin,DE,2023-02-14
CUST-00697,Synthetic Customer 00697,Consumer,Warsaw,PL,2022-12-01
CUST-00698,Synthetic Customer 00698,Consumer,Frankfurt,DE,2023-07-03
CUST-00699,Synthetic Customer 00699,Consumer,Munich,DE,2025-02-02
CUST-00700,Synthetic Customer 00700,Enterprise,Berlin,DE,2022-02-13
CUST-00701,Synthetic Customer 00701,Mid-Market,Berlin,DE,2022-09-13
CUST-00702,Synthetic Customer 00702,Consumer,Berlin,DE,2024-07-20
CUST-00703,Synthetic Customer 00703,Consumer,Düsseldorf,DE,2024-11-07
CUST-00704,Synthetic Customer 00704,Mid-Market,Frankfurt,DE,2024-07-07
CUST-00705,Synthetic Customer 00705,Consumer,Amsterdam,NL,2021-11-24
CUST-00706,Synthetic Customer 00706,Consumer,Vienna,AT,2024-04-26
CUST-00707,Synthetic Customer 00707,Consumer,Düsseldorf,DE,2023-04-26
CUST-00708,Synthetic Customer 00708,Consumer,Frankfurt,DE,2022-01-09
CUST-00709,Synthetic Customer 00709,Consumer,Brussels,BE,2024-02-25
CUST-00710,Synthetic Customer 00710,Small Business,Brussels,BE,2023-08-11
CUST-00711,Synthetic Customer 00711,Enterprise,Amsterdam,NL,2023-02-12
CUST-00712,Synthetic Customer 00712,Enterprise,Leipzig,DE,2024-11-22
CUST-00713,Synthetic Customer 00713,Mid-Market,Cologne,DE,2024-09-28
CUST-00714,Synthetic Customer 00714,Consumer,Frankfurt,DE,2022-03-26
CUST-00715,Synthetic Customer 00715,Consumer,Stuttgart,DE,2022-07-29
CUST-00716,Synthetic Customer 00716,Small Business,Munich,DE,2023-09-13
CUST-00717,Synthetic Customer 00717,Enterprise,Frankfurt,DE,2025-04-23
CUST-00718,Synthetic Customer 00718,Small Business,Munich,DE,2024-01-04
CUST-00719,Synthetic Customer 00719,Consumer,Berlin,DE,2024-09-17
CUST-00720,Synthetic Customer 00720,Consumer,Leipzig,DE,2023-06-17
CUST-00721,Synthetic Customer 00721,Small Business,Munich,DE,2022-08-26
CUST-00722,Synthetic Customer 00722,Consumer,Vienna,AT,2021-10-05
CUST-00723,Synthetic Customer 00723,Consumer,Warsaw,PL,2023-03-21
CUST-00724,Synthetic Customer 00724,Consumer,Munich,DE,2023-03-10
CUST-00725,Synthetic Customer 00725,Consumer,Cologne,DE,2024-02-18
CUST-00726,Synthetic Customer 00726,Small Business,Cologne,DE,2022-12-07
CUST-00727,Synthetic Customer 00727,Consumer,Paris,FR,2024-08-04
CUST-00728,Synthetic Customer 00728,Small Business,Amsterdam,NL,2021-12-13
CUST-00729,Synthetic Customer 00729,Small Business,Frankfurt,DE,2025-01-07
CUST-00730,Synthetic Customer 00730,Consumer,Paris,FR,2024-01-09
CUST-00731,Synthetic Customer 00731,Consumer,Stuttgart,DE,2023-10-27
CUST-00732,Synthetic Customer 00732,Mid-Market,Munich,DE,2022-09-08
CUST-00733,Synthetic Customer 00733,Consumer,Frankfurt,DE,2024-03-24
CUST-00734,Synthetic Customer 00734,Consumer,Berlin,DE,2023-04-04
CUST-00735,Synthetic Customer 00735,Consumer,Berlin,DE,2024-07-01
CUST-00736,Synthetic Customer 00736,Small Business,Frankfurt,DE,2021-11-28
CUST-00737,Synthetic Customer 00737,Consumer,Cologne,DE,2024-01-27
CUST-00738,Synthetic Customer 00738,Consumer,Berlin,DE,2023-11-19
CUST-00739,Synthetic Customer 00739,Consumer,Paris,FR,2023-05-02
CUST-00740,Synthetic Customer 00740,Consumer,Leipzig,DE,2024-11-13
CUST-00741,Synthetic Customer 00741,Small Business,Düsseldorf,DE,2023-06-01
CUST-00742,Synthetic Customer 00742,Consumer,Vienna,AT,2024-11-01
CUST-00743,Synthetic Customer 00743,Consumer,Cologne,DE,2025-01-10
CUST-00744,Synthetic Customer 00744,Consumer,Cologne,DE,2023-05-18
CUST-00745,Synthetic Customer 00745,Consumer,Hamburg,DE,2023-09-05
CUST-00746,Synthetic Customer 00746,Consumer,Prague,CZ,2022-07-04
CUST-00747,Synthetic Customer 00747,Mid-Market,Hamburg,DE,2025-02-10
CUST-00748,Synthetic Customer 00748,Consumer,Frankfurt,DE,2023-11-14
CUST-00749,Synthetic Customer 00749,Consumer,Düsseldorf,DE,2022-04-05
CUST-00750,Synthetic Customer 00750,Consumer,Berlin,DE,2024-10-28
CUST-00751,Synthetic Customer 00751,Mid-Market,Leipzig,DE,2024-04-08
CUST-00752,Synthetic Customer 00752,Small Business,Hamburg,DE,2023-01-05
CUST-00753,Synthetic Customer 00753,Consumer,Leipzig,DE,2023-04-23
CUST-00754,Synthetic Customer 00754,Consumer,Warsaw,PL,2023-11-30
CUST-00755,Synthetic Customer 00755,Small Business,Leipzig,DE,2024-01-06
CUST-00756,Synthetic Customer 00756,Small Business,Hamburg,DE,2024-12-15
CUST-00757,Synthetic Customer 00757,Consumer,Stuttgart,DE,2024-09-16
CUST-00758,Synthetic Customer 00758,Small Business,Stuttgart,DE,2023-09-10
CUST-00759,Synthetic Customer 00759,Mid-Market,Berlin,DE,2023-03-09
CUST-00760,Synthetic Customer 00760,Small Business,Cologne,DE,2021-10-23
CUST-00761,Synthetic Customer 00761,Consumer,Berlin,DE,2024-03-08
CUST-00762,Synthetic Customer 00762,Consumer,Hamburg,DE,2023-07-19
CUST-00763,Synthetic Customer 00763,Small Business,Stuttgart,DE,2025-04-01
CUST-00764,Synthetic Customer 00764,Consumer,Amsterdam,NL,2024-10-04
CUST-00765,Synthetic Customer 00765,Consumer,Munich,DE,2022-10-04
CUST-00766,Synthetic Customer 00766,Consumer,Frankfurt,DE,2025-01-23
CUST-00767,Synthetic Customer 00767,Small Business,Berlin,DE,2024-05-31
CUST-00768,Synthetic Customer 00768,Mid-Market,Amsterdam,NL,2024-12-20
CUST-00769,Synthetic Customer 00769,Consumer,Leipzig,DE,2021-12-24
CUST-00770,Synthetic Customer 00770,Mid-Market,Berlin,DE,2022-05-09
CUST-00771,Synthetic Customer 00771,Small Business,Leipzig,DE,2022-10-28
CUST-00772,Synthetic Customer 00772,Consumer,Cologne,DE,2021-12-11
CUST-00773,Synthetic Customer 00773,Consumer,Vienna,AT,2024-09-22
CUST-00774,Synthetic Customer 00774,Small Business,Cologne,DE,2022-12-03
CUST-00775,Synthetic Customer 00775,Consumer,Paris,FR,2022-07-01
CUST-00776,Synthetic Customer 00776,Small Business,Munich,DE,2023-10-04
CUST-00777,Synthetic Customer 00777,Small Business,Paris,FR,2023-03-09
CUST-00778,Synthetic Customer 00778,Mid-Market,Leipzig,DE,2025-05-16
CUST-00779,Synthetic Customer 00779,Consumer,Amsterdam,NL,2023-11-15
CUST-00780,Synthetic Customer 00780,Small Business,Paris,FR,2021-10-28
CUST-00781,Synthetic Customer 00781,Consumer,Düsseldorf,DE,2023-08-08
CUST-00782,Synthetic Customer 00782,Mid-Market,Prague,CZ,2025-06-09
CUST-00783,Synthetic Customer 00783,Consumer,Hamburg,DE,2025-04-04
CUST-00784,Synthetic Customer 00784,Consumer,Prague,CZ,2024-08-04
CUST-00785,Synthetic Customer 00785,Consumer,Brussels,BE,2021-10-10
CUST-00786,Synthetic Customer 00786,Consumer,Frankfurt,DE,2024-01-03
CUST-00787,Synthetic Customer 00787,Consumer,Brussels,BE,2025-07-26
CUST-00788,Synthetic Customer 00788,Consumer,Brussels,BE,2021-11-18
CUST-00789,Synthetic Customer 00789,Consumer,Stuttgart,DE,2025-05-23
CUST-00790,Synthetic Customer 00790,Small Business,Düsseldorf,DE,2023-08-04
CUST-00791,Synthetic Customer 00791,Consumer,Berlin,DE,2023-04-29
CUST-00792,Synthetic Customer 00792,Consumer,Düsseldorf,DE,2022-09-27
CUST-00793,Synthetic Customer 00793,Consumer,Frankfurt,DE,2023-09-26
CUST-00794,Synthetic Customer 00794,Consumer,Hamburg,DE,2024-01-22
CUST-00795,Synthetic Customer 00795,Small Business,Berlin,DE,2022-10-22
CUST-00796,Synthetic Customer 00796,Consumer,Paris,FR,2022-05-27
CUST-00797,Synthetic Customer 00797,Consumer,Frankfurt,DE,2024-06-23
CUST-00798,Synthetic Customer 00798,Mid-Market,Berlin,DE,2025-07-04
CUST-00799,Synthetic Customer 00799,Consumer,Berlin,DE,2022-04-21
CUST-00800,Synthetic Customer 00800,Consumer,Berlin,DE,2023-04-24
CUST-00801,Synthetic Customer 00801,Consumer,Paris,FR,2023-05-13
CUST-00802,Synthetic Customer 00802,Consumer,Amsterdam,NL,2023-09-28
CUST-00803,Synthetic Customer 00803,Consumer,Cologne,DE,2024-02-27
CUST-00804,Synthetic Customer 00804,Consumer,Frankfurt,DE,2024-12-02
CUST-00805,Synthetic Customer 00805,Consumer,Berlin,DE,2023-10-01
CUST-00806,Synthetic Customer 00806,Consumer,Stuttgart,DE,2023-06-21
CUST-00807,Synthetic Customer 00807,Consumer,Düsseldorf,DE,2024-12-31
CUST-00808,Synthetic Customer 00808,Small Business,Cologne,DE,2022-03-04
CUST-00809,Synthetic Customer 00809,Consumer,Warsaw,PL,2024-02-14
CUST-00810,Synthetic Customer 00810,Consumer,Stuttgart,DE,2022-02-09
CUST-00811,Synthetic Customer 00811,Small Business,Hamburg,DE,2025-03-27
CUST-00812,Synthetic Customer 00812,Consumer,Warsaw,PL,2025-07-26
CUST-00813,Synthetic Customer 00813,Consumer,Berlin,DE,2024-10-13
CUST-00814,Synthetic Customer 00814,Mid-Market,Leipzig,DE,2022-10-24
CUST-00815,Synthetic Customer 00815,Consumer,Munich,DE,2022-01-14
CUST-00816,Synthetic Customer 00816,Consumer,Vienna,AT,2024-07-30
CUST-00817,Synthetic Customer 00817,Consumer,Hamburg,DE,2024-09-26
CUST-00818,Synthetic Customer 00818,Consumer,Hamburg,DE,2023-01-20
CUST-00819,Synthetic Customer 00819,Small Business,Cologne,DE,2021-12-20
CUST-00820,Synthetic Customer 00820,Enterprise,Stuttgart,DE,2021-09-23
CUST-00821,Synthetic Customer 00821,Consumer,Paris,FR,2024-12-19
CUST-00822,Synthetic Customer 00822,Small Business,Paris,FR,2025-05-09
CUST-00823,Synthetic Customer 00823,Small Business,Munich,DE,2024-10-24
CUST-00824,Synthetic Customer 00824,Small Business,Amsterdam,NL,2022-11-17
CUST-00825,Synthetic Customer 00825,Consumer,Hamburg,DE,2022-04-04
CUST-00826,Synthetic Customer 00826,Consumer,Stuttgart,DE,2022-10-25
CUST-00827,Synthetic Customer 00827,Small Business,Vienna,AT,2025-05-19
CUST-00828,Synthetic Customer 00828,Consumer,Hamburg,DE,2022-10-02
CUST-00829,Synthetic Customer 00829,Consumer,Leipzig,DE,2025-05-19
CUST-00830,Synthetic Customer 00830,Consumer,Cologne,DE,2025-07-27
CUST-00831,Synthetic Customer 00831,Enterprise,Düsseldorf,DE,2024-10-25
CUST-00832,Synthetic Customer 00832,Consumer,Berlin,DE,2024-06-06
CUST-00833,Synthetic Customer 00833,Consumer,Hamburg,DE,2025-03-13
CUST-00834,Synthetic Customer 00834,Mid-Market,Munich,DE,2024-10-30
CUST-00835,Synthetic Customer 00835,Small Business,Munich,DE,2024-12-12
CUST-00836,Synthetic Customer 00836,Consumer,Prague,CZ,2024-01-18
CUST-00837,Synthetic Customer 00837,Consumer,Berlin,DE,2022-01-12
CUST-00838,Synthetic Customer 00838,Mid-Market,Berlin,DE,2022-08-25
CUST-00839,Synthetic Customer 00839,Small Business,Cologne,DE,2022-09-22
CUST-00840,Synthetic Customer 00840,Consumer,Warsaw,PL,2022-01-28
CUST-00841,Synthetic Customer 00841,Consumer,Frankfurt,DE,2022-03-07
CUST-00842,Synthetic Customer 00842,Consumer,Cologne,DE,2023-06-01
CUST-00843,Synthetic Customer 00843,Consumer,Munich,DE,2022-05-20
CUST-00844,Synthetic Customer 00844,Small Business,Prague,CZ,2024-07-15
CUST-00845,Synthetic Customer 00845,Enterprise,Vienna,AT,2021-11-19
CUST-00846,Synthetic Customer 00846,Consumer,Prague,CZ,2025-04-16
CUST-00847,Synthetic Customer 00847,Consumer,Hamburg,DE,2023-02-25
CUST-00848,Synthetic Customer 00848,Consumer,Cologne,DE,2022-01-05
CUST-00849,Synthetic Customer 00849,Mid-Market,Leipzig,DE,2025-07-18
CUST-00850,Synthetic Customer 00850,Mid-Market,Prague,CZ,2022-12-01
CUST-00851,Synthetic Customer 00851,Consumer,Paris,FR,2024-05-08
CUST-00852,Synthetic Customer 00852,Consumer,Prague,CZ,2022-11-01
CUST-00853,Synthetic Customer 00853,Mid-Market,Berlin,DE,2024-10-01
CUST-00854,Synthetic Customer 00854,Consumer,Düsseldorf,DE,2022-06-16
CUST-00855,Synthetic Customer 00855,Consumer,Frankfurt,DE,2024-11-10
CUST-00856,Synthetic Customer 00856,Consumer,Berlin,DE,2025-07-12
CUST-00857,Synthetic Customer 00857,Consumer,Berlin,DE,2025-01-04
CUST-00858,Synthetic Customer 00858,Consumer,Cologne,DE,2025-01-31
CUST-00859,Synthetic Customer 00859,Consumer,Stuttgart,DE,2025-02-02
CUST-00860,Synthetic Customer 00860,Consumer,Munich,DE,2021-11-24
CUST-00861,Synthetic Customer 00861,Consumer,Warsaw,PL,2022-07-26
CUST-00862,Synthetic Customer 00862,Consumer,Stuttgart,DE,2022-07-26
CUST-00863,Synthetic Customer 00863,Consumer,Düsseldorf,DE,2023-10-06
CUST-00864,Synthetic Customer 00864,Consumer,Brussels,BE,2024-11-15
CUST-00865,Synthetic Customer 00865,Consumer,Berlin,DE,2023-05-07
CUST-00866,Synthetic Customer 00866,Mid-Market,Cologne,DE,2022-09-29
CUST-00867,Synthetic Customer 00867,Consumer,Prague,CZ,2024-12-22
CUST-00868,Synthetic Customer 00868,Consumer,Warsaw,PL,2025-03-14
CUST-00869,Synthetic Customer 00869,Consumer,Cologne,DE,2023-05-31
CUST-00870,Synthetic Customer 00870,Mid-Market,Hamburg,DE,2023-05-03
CUST-00871,Synthetic Customer 00871,Consumer,Stuttgart,DE,2022-09-21
CUST-00872,Synthetic Customer 00872,Consumer,Hamburg,DE,2023-07-01
CUST-00873,Synthetic Customer 00873,Consumer,Frankfurt,DE,2023-09-09
CUST-00874,Synthetic Customer 00874,Consumer,Amsterdam,NL,2023-05-05
CUST-00875,Synthetic Customer 00875,Small Business,Berlin,DE,2022-03-17
CUST-00876,Synthetic Customer 00876,Enterprise,Amsterdam,NL,2024-09-15
CUST-00877,Synthetic Customer 00877,Consumer,Paris,FR,2022-05-01
CUST-00878,Synthetic Customer 00878,Consumer,Berlin,DE,2024-07-17
CUST-00879,Synthetic Customer 00879,Consumer,Leipzig,DE,2023-04-11
CUST-00880,Synthetic Customer 00880,Mid-Market,Frankfurt,DE,2021-11-21
CUST-00881,Synthetic Customer 00881,Consumer,Paris,FR,2021-11-08
CUST-00882,Synthetic Customer 00882,Mid-Market,Hamburg,DE,2021-10-25
CUST-00883,Synthetic Customer 00883,Consumer,Leipzig,DE,2023-07-30
CUST-00884,Synthetic Customer 00884,Mid-Market,Berlin,DE,2024-03-31
CUST-00885,Synthetic Customer 00885,Consumer,Warsaw,PL,2024-07-16
CUST-00886,Synthetic Customer 00886,Small Business,Frankfurt,DE,2021-09-30
CUST-00887,Synthetic Customer 00887,Consumer,Berlin,DE,2025-06-23
CUST-00888,Synthetic Customer 00888,Consumer,Frankfurt,DE,2024-07-01
CUST-00889,Synthetic Customer 00889,Mid-Market,Berlin,DE,2023-03-17
CUST-00890,Synthetic Customer 00890,Small Business,Paris,FR,2023-12-25
CUST-00891,Synthetic Customer 00891,Consumer,Berlin,DE,2025-02-17
CUST-00892,Synthetic Customer 00892,Consumer,Warsaw,PL,2024-10-23
CUST-00893,Synthetic Customer 00893,Small Business,Cologne,DE,2023-07-27
CUST-00894,Synthetic Customer 00894,Consumer,Berlin,DE,2024-08-17
CUST-00895,Synthetic Customer 00895,Consumer,Stuttgart,DE,2023-12-22
CUST-00896,Synthetic Customer 00896,Consumer,Munich,DE,2021-12-31
CUST-00897,Synthetic Customer 00897,Consumer,Düsseldorf,DE,2025-07-12
CUST-00898,Synthetic Customer 00898,Consumer,Paris,FR,2023-08-25
CUST-00899,Synthetic Customer 00899,Enterprise,Düsseldorf,DE,2025-02-23
CUST-00900,Synthetic Customer 00900,Mid-Market,Brussels,BE,2024-07-14
CUST-00901,Synthetic Customer 00901,Consumer,Prague,CZ,2025-03-30
CUST-00902,Synthetic Customer 00902,Consumer,Brussels,BE,2024-12-22
CUST-00903,Synthetic Customer 00903,Small Business,Munich,DE,2022-10-09
CUST-00904,Synthetic Customer 00904,Consumer,Düsseldorf,DE,2025-06-14
CUST-00905,Synthetic Customer 00905,Small Business,Munich,DE,2025-07-07
CUST-00906,Synthetic Customer 00906,Consumer,Berlin,DE,2023-07-03
CUST-00907,Synthetic Customer 00907,Mid-Market,Paris,FR,2021-12-13
CUST-00908,Synthetic Customer 00908,Consumer,Düsseldorf,DE,2023-07-03
CUST-00909,Synthetic Customer 00909,Consumer,Munich,DE,2022-07-28
CUST-00910,Synthetic Customer 00910,Consumer,Cologne,DE,2022-06-08
CUST-00911,Synthetic Customer 00911,Small Business,Düsseldorf,DE,2025-03-16
CUST-00912,Synthetic Customer 00912,Consumer,Cologne,DE,2024-10-21
CUST-00913,Synthetic Customer 00913,Consumer,Warsaw,PL,2023-04-15
CUST-00914,Synthetic Customer 00914,Consumer,Warsaw,PL,2024-05-13
CUST-00915,Synthetic Customer 00915,Small Business,Cologne,DE,2022-04-21
CUST-00916,Synthetic Customer 00916,Small Business,Paris,FR,2024-01-19
CUST-00917,Synthetic Customer 00917,Consumer,Stuttgart,DE,2022-08-04
CUST-00918,Synthetic Customer 00918,Small Business,Berlin,DE,2025-02-07
CUST-00919,Synthetic Customer 00919,Consumer,Hamburg,DE,2023-10-16
CUST-00920,Synthetic Customer 00920,Small Business,Düsseldorf,DE,2024-08-10
CUST-00921,Synthetic Customer 00921,Consumer,Munich,DE,2022-09-18
CUST-00922,Synthetic Customer 00922,Consumer,Frankfurt,DE,2022-06-21
CUST-00923,Synthetic Customer 00923,Consumer,Paris,FR,2024-05-02
CUST-00924,Synthetic Customer 00924,Consumer,Prague,CZ,2023-08-14
CUST-00925,Synthetic Customer 00925,Consumer,Vienna,AT,2023-05-03
CUST-00926,Synthetic Customer 00926,Small Business,Cologne,DE,2023-10-12
CUST-00927,Synthetic Customer 00927,Consumer,Warsaw,PL,2022-06-03
CUST-00928,Synthetic Customer 00928,Small Business,Munich,DE,2021-12-26
CUST-00929,Synthetic Customer 00929,Consumer,Berlin,DE,2025-02-03
CUST-00930,Synthetic Customer 00930,Consumer,Paris,FR,2021-10-01
CUST-00931,Synthetic Customer 00931,Consumer,Frankfurt,DE,2022-05-14
CUST-00932,Synthetic Customer 00932,Consumer,Amsterdam,NL,2022-11-27
CUST-00933,Synthetic Customer 00933,Consumer,Munich,DE,2024-11-16
CUST-00934,Synthetic Customer 00934,Small Business,Stuttgart,DE,2023-05-28
CUST-00935,Synthetic Customer 00935,Small Business,Munich,DE,2025-01-09
CUST-00936,Synthetic Customer 00936,Small Business,Düsseldorf,DE,2022-10-04
CUST-00937,Synthetic Customer 00937,Mid-Market,Cologne,DE,2024-04-18
CUST-00938,Synthetic Customer 00938,Small Business,Düsseldorf,DE,2024-01-05
CUST-00939,Synthetic Customer 00939,Consumer,Hamburg,DE,2022-01-16
CUST-00940,Synthetic Customer 00940,Small Business,Leipzig,DE,2024-04-10
CUST-00941,Synthetic Customer 00941,Small Business,Leipzig,DE,2022-07-28
CUST-00942,Synthetic Customer 00942,Small Business,Vienna,AT,2024-10-18
CUST-00943,Synthetic Customer 00943,Mid-Market,Stuttgart,DE,2022-06-01
CUST-00944,Synthetic Customer 00944,Consumer,Berlin,DE,2023-05-09
CUST-00945,Synthetic Customer 00945,Consumer,Munich,DE,2023-03-13
CUST-00946,Synthetic Customer 00946,Mid-Market,Vienna,AT,2023-04-01
CUST-00947,Synthetic Customer 00947,Consumer,Stuttgart,DE,2023-12-22
CUST-00948,Synthetic Customer 00948,Consumer,Stuttgart,DE,2023-09-28
CUST-00949,Synthetic Customer 00949,Mid-Market,Berlin,DE,2025-05-28
CUST-00950,Synthetic Customer 00950,Small Business,Paris,FR,2022-09-22
CUST-00951,Synthetic Customer 00951,Consumer,Cologne,DE,2024-11-05
CUST-00952,Synthetic Customer 00952,Consumer,Berlin,DE,2021-11-02
CUST-00953,Synthetic Customer 00953,Consumer,Hamburg,DE,2023-05-09
CUST-00954,Synthetic Customer 00954,Small Business,Berlin,DE,2023-08-23
CUST-00955,Synthetic Customer 00955,Small Business,Paris,FR,2022-11-21
CUST-00956,Synthetic Customer 00956,Consumer,Berlin,DE,2022-11-04
CUST-00957,Synthetic Customer 00957,Small Business,Berlin,DE,2024-02-01
CUST-00958,Synthetic Customer 00958,Consumer,Cologne,DE,2024-02-07
CUST-00959,Synthetic Customer 00959,Small Business,Düsseldorf,DE,2023-07-07
CUST-00960,Synthetic Customer 00960,Small Business,Frankfurt,DE,2025-05-26
CUST-00961,Synthetic Customer 00961,Mid-Market,Hamburg,DE,2022-12-27
CUST-00962,Synthetic Customer 00962,Consumer,Frankfurt,DE,2021-10-07
CUST-00963,Synthetic Customer 00963,Consumer,Düsseldorf,DE,2022-12-02
CUST-00964,Synthetic Customer 00964,Small Business,Paris,FR,2022-07-16
CUST-00965,Synthetic Customer 00965,Consumer,Amsterdam,NL,2024-04-24
CUST-00966,Synthetic Customer 00966,Small Business,Cologne,DE,2025-02-11
CUST-00967,Synthetic Customer 00967,Small Business,Munich,DE,2022-08-30
CUST-00968,Synthetic Customer 00968,Consumer,Leipzig,DE,2022-02-14
CUST-00969,Synthetic Customer 00969,Small Business,Prague,CZ,2024-09-16
CUST-00970,Synthetic Customer 00970,Mid-Market,Hamburg,DE,2024-05-26
CUST-00971,Synthetic Customer 00971,Consumer,Amsterdam,NL,2023-01-04
CUST-00972,Synthetic Customer 00972,Consumer,Stuttgart,DE,2025-07-05
CUST-00973,Synthetic Customer 00973,Consumer,Brussels,BE,2022-08-27
CUST-00974,Synthetic Customer 00974,Consumer,Stuttgart,DE,2025-03-16
CUST-00975,Synthetic Customer 00975,Consumer,Hamburg,DE,2022-12-23
CUST-00976,Synthetic Customer 00976,Small Business,Stuttgart,DE,2024-09-28
CUST-00977,Synthetic Customer 00977,Consumer,Berlin,DE,2024-02-02
CUST-00978,Synthetic Customer 00978,Consumer,Cologne,DE,2023-11-20
CUST-00979,Synthetic Customer 00979,Consumer,Hamburg,DE,2022-10-21
CUST-00980,Synthetic Customer 00980,Consumer,Prague,CZ,2022-04-26
CUST-00981,Synthetic Customer 00981,Consumer,Frankfurt,DE,2022-01-22
CUST-00982,Synthetic Customer 00982,Small Business,Warsaw,PL,2023-10-08
CUST-00983,Synthetic Customer 00983,Consumer,Warsaw,PL,2025-06-24
CUST-00984,Synthetic Customer 00984,Consumer,Vienna,AT,2024-09-25
CUST-00985,Synthetic Customer 00985,Mid-Market,Hamburg,DE,2023-08-15
CUST-00986,Synthetic Customer 00986,Consumer,Berlin,DE,2025-04-19
CUST-00987,Synthetic Customer 00987,Small Business,Hamburg,DE,2022-12-27
CUST-00988,Synthetic Customer 00988,Small Business,Munich,DE,2021-11-20
CUST-00989,Synthetic Customer 00989,Consumer,Amsterdam,NL,2023-08-13
CUST-00990,Synthetic Customer 00990,Consumer,Frankfurt,DE,2024-10-30
CUST-00991,Synthetic Customer 00991,Small Business,Vienna,AT,2024-06-28
CUST-00992,Synthetic Customer 00992,Small Business,Cologne,DE,2024-10-06
CUST-00993,Synthetic Customer 00993,Small Business,Cologne,DE,2025-07-11
CUST-00994,Synthetic Customer 00994,Small Business,Paris,FR,2024-09-14
CUST-00995,Synthetic Customer 00995,Consumer,Berlin,DE,2023-04-27
CUST-00996,Synthetic Customer 00996,Consumer,Hamburg,DE,2023-08-08
CUST-00997,Synthetic Customer 00997,Consumer,Munich,DE,2024-05-04
CUST-00998,Synthetic Customer 00998,Consumer,Stuttgart,DE,2024-11-04
CUST-00999,Synthetic Customer 00999,Enterprise,Cologne,DE,2025-04-16
CUST-01000,Synthetic Customer 01000,Consumer,Stuttgart,DE,2023-09-01
CUST-01001,Synthetic Customer 01001,Consumer,Munich,DE,2021-09-16
CUST-01002,Synthetic Customer 01002,Consumer,Berlin,DE,2024-12-15
CUST-01003,Synthetic Customer 01003,Consumer,Cologne,DE,2025-01-01
CUST-01004,Synthetic Customer 01004,Mid-Market,Vienna,AT,2024-02-16
CUST-01005,Synthetic Customer 01005,Consumer,Cologne,DE,2023-07-02
CUST-01006,Synthetic Customer 01006,Consumer,Munich,DE,2023-10-07
CUST-01007,Synthetic Customer 01007,Mid-Market,Cologne,DE,2025-05-26
CUST-01008,Synthetic Customer 01008,Small Business,Berlin,DE,2024-10-15
CUST-01009,Synthetic Customer 01009,Small Business,Hamburg,DE,2022-05-29
CUST-01010,Synthetic Customer 01010,Small Business,Munich,DE,2022-08-11
CUST-01011,Synthetic Customer 01011,Consumer,Cologne,DE,2023-12-03
CUST-01012,Synthetic Customer 01012,Mid-Market,Stuttgart,DE,2023-09-27
CUST-01013,Synthetic Customer 01013,Consumer,Cologne,DE,2025-05-13
CUST-01014,Synthetic Customer 01014,Consumer,Warsaw,PL,2021-10-06
CUST-01015,Synthetic Customer 01015,Consumer,Berlin,DE,2023-07-01
CUST-01016,Synthetic Customer 01016,Consumer,Cologne,DE,2022-02-21
CUST-01017,Synthetic Customer 01017,Consumer,Frankfurt,DE,2024-05-02
CUST-01018,Synthetic Customer 01018,Small Business,Cologne,DE,2022-12-19
CUST-01019,Synthetic Customer 01019,Consumer,Brussels,BE,2024-11-24
CUST-01020,Synthetic Customer 01020,Consumer,Cologne,DE,2023-05-07
CUST-01021,Synthetic Customer 01021,Small Business,Frankfurt,DE,2024-11-17
CUST-01022,Synthetic Customer 01022,Consumer,Berlin,DE,2023-03-08
CUST-01023,Synthetic Customer 01023,Consumer,Berlin,DE,2024-06-01
CUST-01024,Synthetic Customer 01024,Small Business,Brussels,BE,2022-12-16
CUST-01025,Synthetic Customer 01025,Consumer,Frankfurt,DE,2022-08-03
CUST-01026,Synthetic Customer 01026,Consumer,Vienna,AT,2024-10-07
CUST-01027,Synthetic Customer 01027,Consumer,Berlin,DE,2022-08-05
CUST-01028,Synthetic Customer 01028,Consumer,Vienna,AT,2023-11-29
CUST-01029,Synthetic Customer 01029,Consumer,Berlin,DE,2024-06-26
CUST-01030,Synthetic Customer 01030,Consumer,Berlin,DE,2021-09-23
CUST-01031,Synthetic Customer 01031,Small Business,Hamburg,DE,2024-08-02
CUST-01032,Synthetic Customer 01032,Consumer,Hamburg,DE,2024-07-25
CUST-01033,Synthetic Customer 01033,Consumer,Munich,DE,2023-06-14
CUST-01034,Synthetic Customer 01034,Consumer,Hamburg,DE,2024-04-23
CUST-01035,Synthetic Customer 01035,Small Business,Hamburg,DE,2025-02-18
CUST-01036,Synthetic Customer 01036,Consumer,Berlin,DE,2021-11-01
CUST-01037,Synthetic Customer 01037,Consumer,Stuttgart,DE,2023-07-28
CUST-01038,Synthetic Customer 01038,Consumer,Düsseldorf,DE,2023-07-04
CUST-01039,Synthetic Customer 01039,Small Business,Düsseldorf,DE,2024-08-13
CUST-01040,Synthetic Customer 01040,Consumer,Brussels,BE,2022-05-21
CUST-01041,Synthetic Customer 01041,Consumer,Berlin,DE,2024-05-12
CUST-01042,Synthetic Customer 01042,Consumer,Berlin,DE,2023-10-02
CUST-01043,Synthetic Customer 01043,Consumer,Berlin,DE,2025-06-26
CUST-01044,Synthetic Customer 01044,Mid-Market,Berlin,DE,2024-12-10
CUST-01045,Synthetic Customer 01045,Mid-Market,Stuttgart,DE,2024-05-26
CUST-01046,Synthetic Customer 01046,Consumer,Vienna,AT,2025-06-14
CUST-01047,Synthetic Customer 01047,Small Business,Berlin,DE,2024-08-31
CUST-01048,Synthetic Customer 01048,Consumer,Brussels,BE,2023-10-18
CUST-01049,Synthetic Customer 01049,Mid-Market,Munich,DE,2025-04-01
CUST-01050,Synthetic Customer 01050,Small Business,Cologne,DE,2023-03-26
CUST-01051,Synthetic Customer 01051,Consumer,Stuttgart,DE,2024-03-09
CUST-01052,Synthetic Customer 01052,Consumer,Cologne,DE,2021-10-23
CUST-01053,Synthetic Customer 01053,Small Business,Hamburg,DE,2023-04-25
CUST-01054,Synthetic Customer 01054,Consumer,Düsseldorf,DE,2025-04-28
CUST-01055,Synthetic Customer 01055,Consumer,Frankfurt,DE,2022-11-07
CUST-01056,Synthetic Customer 01056,Mid-Market,Prague,CZ,2023-12-04
CUST-01057,Synthetic Customer 01057,Enterprise,Cologne,DE,2022-12-02
CUST-01058,Synthetic Customer 01058,Consumer,Hamburg,DE,2022-12-23
CUST-01059,Synthetic Customer 01059,Small Business,Leipzig,DE,2024-12-17
CUST-01060,Synthetic Customer 01060,Small Business,Berlin,DE,2022-01-27
CUST-01061,Synthetic Customer 01061,Consumer,Stuttgart,DE,2024-09-14
CUST-01062,Synthetic Customer 01062,Consumer,Frankfurt,DE,2023-08-07
CUST-01063,Synthetic Customer 01063,Consumer,Cologne,DE,2025-01-05
CUST-01064,Synthetic Customer 01064,Small Business,Cologne,DE,2021-11-03
CUST-01065,Synthetic Customer 01065,Consumer,Hamburg,DE,2023-04-14
CUST-01066,Synthetic Customer 01066,Consumer,Berlin,DE,2025-04-11
CUST-01067,Synthetic Customer 01067,Consumer,Cologne,DE,2023-09-07
CUST-01068,Synthetic Customer 01068,Consumer,Cologne,DE,2021-12-14
CUST-01069,Synthetic Customer 01069,Consumer,Hamburg,DE,2022-01-23
CUST-01070,Synthetic Customer 01070,Consumer,Düsseldorf,DE,2025-07-24
CUST-01071,Synthetic Customer 01071,Mid-Market,Stuttgart,DE,2023-06-15
CUST-01072,Synthetic Customer 01072,Mid-Market,Munich,DE,2023-11-08
CUST-01073,Synthetic Customer 01073,Consumer,Munich,DE,2025-06-05
CUST-01074,Synthetic Customer 01074,Consumer,Hamburg,DE,2025-01-25
CUST-01075,Synthetic Customer 01075,Consumer,Warsaw,PL,2024-12-18
CUST-01076,Synthetic Customer 01076,Consumer,Leipzig,DE,2023-03-02
CUST-01077,Synthetic Customer 01077,Consumer,Berlin,DE,2024-10-19
CUST-01078,Synthetic Customer 01078,Consumer,Hamburg,DE,2021-09-24
CUST-01079,Synthetic Customer 01079,Mid-Market,Berlin,DE,2022-06-24
CUST-01080,Synthetic Customer 01080,Consumer,Hamburg,DE,2023-06-06
CUST-01081,Synthetic Customer 01081,Consumer,Paris,FR,2022-01-23
CUST-01082,Synthetic Customer 01082,Mid-Market,Frankfurt,DE,2022-06-30
CUST-01083,Synthetic Customer 01083,Consumer,Berlin,DE,2022-08-19
CUST-01084,Synthetic Customer 01084,Consumer,Prague,CZ,2025-06-05
CUST-01085,Synthetic Customer 01085,Consumer,Berlin,DE,2022-11-10
CUST-01086,Synthetic Customer 01086,Small Business,Amsterdam,NL,2023-06-14
CUST-01087,Synthetic Customer 01087,Consumer,Stuttgart,DE,2023-11-16
CUST-01088,Synthetic Customer 01088,Consumer,Paris,FR,2022-08-25
CUST-01089,Synthetic Customer 01089,Consumer,Hamburg,DE,2021-12-04
CUST-01090,Synthetic Customer 01090,Small Business,Düsseldorf,DE,2022-05-28
CUST-01091,Synthetic Customer 01091,Consumer,Munich,DE,2021-12-20
CUST-01092,Synthetic Customer 01092,Consumer,Cologne,DE,2022-12-13
CUST-01093,Synthetic Customer 01093,Consumer,Leipzig,DE,2024-07-03
CUST-01094,Synthetic Customer 01094,Mid-Market,Hamburg,DE,2025-05-25
CUST-01095,Synthetic Customer 01095,Small Business,Cologne,DE,2024-10-24
CUST-01096,Synthetic Customer 01096,Consumer,Frankfurt,DE,2024-01-30
CUST-01097,Synthetic Customer 01097,Consumer,Munich,DE,2023-04-04
CUST-01098,Synthetic Customer 01098,Consumer,Berlin,DE,2022-11-03
CUST-01099,Synthetic Customer 01099,Small Business,Düsseldorf,DE,2022-12-28
CUST-01100,Synthetic Customer 01100,Small Business,Vienna,AT,2024-03-03
CUST-01101,Synthetic Customer 01101,Small Business,Hamburg,DE,2025-07-22
CUST-01102,Synthetic Customer 01102,Small Business,Cologne,DE,2023-12-20
CUST-01103,Synthetic Customer 01103,Small Business,Berlin,DE,2022-01-13
CUST-01104,Synthetic Customer 01104,Consumer,Brussels,BE,2023-08-26
CUST-01105,Synthetic Customer 01105,Small Business,Cologne,DE,2023-11-10
CUST-01106,Synthetic Customer 01106,Small Business,Stuttgart,DE,2025-04-10
CUST-01107,Synthetic Customer 01107,Consumer,Hamburg,DE,2024-05-07
CUST-01108,Synthetic Customer 01108,Enterprise,Frankfurt,DE,2021-10-01
CUST-01109,Synthetic Customer 01109,Consumer,Berlin,DE,2022-05-09
CUST-01110,Synthetic Customer 01110,Consumer,Munich,DE,2022-01-24
CUST-01111,Synthetic Customer 01111,Enterprise,Düsseldorf,DE,2021-10-06
CUST-01112,Synthetic Customer 01112,Consumer,Warsaw,PL,2024-10-22
CUST-01113,Synthetic Customer 01113,Consumer,Frankfurt,DE,2022-02-19
CUST-01114,Synthetic Customer 01114,Consumer,Düsseldorf,DE,2021-10-18
CUST-01115,Synthetic Customer 01115,Consumer,Cologne,DE,2024-06-23
CUST-01116,Synthetic Customer 01116,Consumer,Hamburg,DE,2025-07-19
CUST-01117,Synthetic Customer 01117,Consumer,Düsseldorf,DE,2024-02-06
CUST-01118,Synthetic Customer 01118,Consumer,Hamburg,DE,2022-02-20
CUST-01119,Synthetic Customer 01119,Consumer,Berlin,DE,2025-04-27
CUST-01120,Synthetic Customer 01120,Small Business,Leipzig,DE,2023-03-30
CUST-01121,Synthetic Customer 01121,Consumer,Stuttgart,DE,2023-05-24
CUST-01122,Synthetic Customer 01122,Consumer,Berlin,DE,2024-03-22
CUST-01123,Synthetic Customer 01123,Consumer,Berlin,DE,2024-05-29
CUST-01124,Synthetic Customer 01124,Consumer,Berlin,DE,2021-10-23
CUST-01125,Synthetic Customer 01125,Consumer,Stuttgart,DE,2023-07-14
CUST-01126,Synthetic Customer 01126,Consumer,Berlin,DE,2021-11-12
CUST-01127,Synthetic Customer 01127,Mid-Market,Cologne,DE,2022-02-17
CUST-01128,Synthetic Customer 01128,Consumer,Frankfurt,DE,2023-06-03
CUST-01129,Synthetic Customer 01129,Small Business,Cologne,DE,2024-07-01
CUST-01130,Synthetic Customer 01130,Consumer,Hamburg,DE,2023-12-18
CUST-01131,Synthetic Customer 01131,Mid-Market,Berlin,DE,2025-02-08
CUST-01132,Synthetic Customer 01132,Small Business,Brussels,BE,2022-03-22
CUST-01133,Synthetic Customer 01133,Small Business,Cologne,DE,2022-10-13
CUST-01134,Synthetic Customer 01134,Mid-Market,Berlin,DE,2024-03-27
CUST-01135,Synthetic Customer 01135,Consumer,Berlin,DE,2024-05-28
CUST-01136,Synthetic Customer 01136,Consumer,Berlin,DE,2025-07-03
CUST-01137,Synthetic Customer 01137,Consumer,Leipzig,DE,2023-02-08
CUST-01138,Synthetic Customer 01138,Consumer,Frankfurt,DE,2023-03-05
CUST-01139,Synthetic Customer 01139,Small Business,Vienna,AT,2024-01-01
CUST-01140,Synthetic Customer 01140,Consumer,Prague,CZ,2023-09-06
CUST-01141,Synthetic Customer 01141,Consumer,Munich,DE,2021-12-20
CUST-01142,Synthetic Customer 01142,Mid-Market,Stuttgart,DE,2023-02-14
CUST-01143,Synthetic Customer 01143,Consumer,Stuttgart,DE,2023-06-07
CUST-01144,Synthetic Customer 01144,Consumer,Frankfurt,DE,2021-10-17
CUST-01145,Synthetic Customer 01145,Mid-Market,Prague,CZ,2021-10-26
CUST-01146,Synthetic Customer 01146,Consumer,Berlin,DE,2023-04-24
CUST-01147,Synthetic Customer 01147,Small Business,Leipzig,DE,2023-03-08
CUST-01148,Synthetic Customer 01148,Mid-Market,Leipzig,DE,2025-03-29
CUST-01149,Synthetic Customer 01149,Consumer,Cologne,DE,2024-03-09
CUST-01150,Synthetic Customer 01150,Consumer,Hamburg,DE,2023-08-23
CUST-01151,Synthetic Customer 01151,Small Business,Cologne,DE,2024-05-20
CUST-01152,Synthetic Customer 01152,Consumer,Berlin,DE,2023-09-03
CUST-01153,Synthetic Customer 01153,Consumer,Hamburg,DE,2023-09-13
CUST-01154,Synthetic Customer 01154,Consumer,Berlin,DE,2025-05-29
CUST-01155,Synthetic Customer 01155,Consumer,Düsseldorf,DE,2024-04-27
CUST-01156,Synthetic Customer 01156,Small Business,Munich,DE,2023-12-30
CUST-01157,Synthetic Customer 01157,Consumer,Düsseldorf,DE,2022-06-09
CUST-01158,Synthetic Customer 01158,Consumer,Amsterdam,NL,2022-06-15
CUST-01159,Synthetic Customer 01159,Small Business,Paris,FR,2023-10-30
CUST-01160,Synthetic Customer 01160,Consumer,Cologne,DE,2023-09-21
CUST-01161,Synthetic Customer 01161,Consumer,Frankfurt,DE,2023-12-02
CUST-01162,Synthetic Customer 01162,Mid-Market,Hamburg,DE,2024-12-27
CUST-01163,Synthetic Customer 01163,Consumer,Paris,FR,2024-02-01
CUST-01164,Synthetic Customer 01164,Consumer,Stuttgart,DE,2024-09-11
CUST-01165,Synthetic Customer 01165,Consumer,Brussels,BE,2025-07-04
CUST-01166,Synthetic Customer 01166,Consumer,Stuttgart,DE,2021-12-04
CUST-01167,Synthetic Customer 01167,Consumer,Warsaw,PL,2022-05-23
CUST-01168,Synthetic Customer 01168,Consumer,Munich,DE,2024-08-10
CUST-01169,Synthetic Customer 01169,Consumer,Frankfurt,DE,2022-09-29
CUST-01170,Synthetic Customer 01170,Small Business,Frankfurt,DE,2023-10-12
CUST-01171,Synthetic Customer 01171,Consumer,Hamburg,DE,2023-09-25
CUST-01172,Synthetic Customer 01172,Consumer,Düsseldorf,DE,2024-07-25
CUST-01173,Synthetic Customer 01173,Mid-Market,Frankfurt,DE,2022-09-17
CUST-01174,Synthetic Customer 01174,Consumer,Frankfurt,DE,2021-09-12
CUST-01175,Synthetic Customer 01175,Mid-Market,Cologne,DE,2021-11-26
CUST-01176,Synthetic Customer 01176,Consumer,Munich,DE,2025-07-09
CUST-01177,Synthetic Customer 01177,Consumer,Cologne,DE,2025-05-28
CUST-01178,Synthetic Customer 01178,Consumer,Hamburg,DE,2023-07-28
CUST-01179,Synthetic Customer 01179,Small Business,Hamburg,DE,2022-02-05
CUST-01180,Synthetic Customer 01180,Consumer,Berlin,DE,2021-11-10
CUST-01181,Synthetic Customer 01181,Consumer,Stuttgart,DE,2022-06-10
CUST-01182,Synthetic Customer 01182,Consumer,Berlin,DE,2023-10-02
CUST-01183,Synthetic Customer 01183,Consumer,Berlin,DE,2023-05-22
CUST-01184,Synthetic Customer 01184,Consumer,Hamburg,DE,2023-04-06
CUST-01185,Synthetic Customer 01185,Mid-Market,Berlin,DE,2023-08-11
CUST-01186,Synthetic Customer 01186,Consumer,Stuttgart,DE,2023-06-13
CUST-01187,Synthetic Customer 01187,Consumer,Stuttgart,DE,2025-02-11
CUST-01188,Synthetic Customer 01188,Consumer,Berlin,DE,2025-01-19
CUST-01189,Synthetic Customer 01189,Consumer,Berlin,DE,2025-05-01
CUST-01190,Synthetic Customer 01190,Consumer,Stuttgart,DE,2025-02-07
CUST-01191,Synthetic Customer 01191,Mid-Market,Warsaw,PL,2022-03-02
CUST-01192,Synthetic Customer 01192,Consumer,Frankfurt,DE,2025-03-10
CUST-01193,Synthetic Customer 01193,Small Business,Stuttgart,DE,2022-08-31
CUST-01194,Synthetic Customer 01194,Consumer,Berlin,DE,2023-07-05
CUST-01195,Synthetic Customer 01195,Enterprise,Prague,CZ,2022-09-05
CUST-01196,Synthetic Customer 01196,Consumer,Vienna,AT,2023-03-15
CUST-01197,Synthetic Customer 01197,Mid-Market,Stuttgart,DE,2023-08-01
CUST-01198,Synthetic Customer 01198,Consumer,Hamburg,DE,2022-12-13
CUST-01199,Synthetic Customer 01199,Mid-Market,Berlin,DE,2025-06-25
CUST-01200,Synthetic Customer 01200,Consumer,Amsterdam,NL,2022-03-05
CUST-01201,Synthetic Customer 01201,Consumer,Düsseldorf,DE,2024-06-26
CUST-01202,Synthetic Customer 01202,Consumer,Brussels,BE,2022-08-05
CUST-01203,Synthetic Customer 01203,Mid-Market,Hamburg,DE,2024-03-18
CUST-01204,Synthetic Customer 01204,Small Business,Berlin,DE,2025-03-30
CUST-01205,Synthetic Customer 01205,Consumer,Leipzig,DE,2023-06-09
CUST-01206,Synthetic Customer 01206,Consumer,Leipzig,DE,2023-05-11
CUST-01207,Synthetic Customer 01207,Consumer,Berlin,DE,2022-06-15
CUST-01208,Synthetic Customer 01208,Consumer,Vienna,AT,2024-02-02
CUST-01209,Synthetic Customer 01209,Enterprise,Berlin,DE,2022-01-15
CUST-01210,Synthetic Customer 01210,Small Business,Amsterdam,NL,2025-05-19
CUST-01211,Synthetic Customer 01211,Small Business,Vienna,AT,2025-03-26
CUST-01212,Synthetic Customer 01212,Consumer,Warsaw,PL,2022-05-07
CUST-01213,Synthetic Customer 01213,Consumer,Cologne,DE,2023-10-09
CUST-01214,Synthetic Customer 01214,Consumer,Warsaw,PL,2025-03-10
CUST-01215,Synthetic Customer 01215,Mid-Market,Hamburg,DE,2023-02-12
CUST-01216,Synthetic Customer 01216,Consumer,Hamburg,DE,2024-02-21
CUST-01217,Synthetic Customer 01217,Consumer,Cologne,DE,2022-12-15
CUST-01218,Synthetic Customer 01218,Small Business,Berlin,DE,2025-04-04
CUST-01219,Synthetic Customer 01219,Consumer,Stuttgart,DE,2025-02-03
CUST-01220,Synthetic Customer 01220,Small Business,Düsseldorf,DE,2022-07-26
CUST-01221,Synthetic Customer 01221,Small Business,Hamburg,DE,2024-08-19
CUST-01222,Synthetic Customer 01222,Consumer,Brussels,BE,2024-03-24
CUST-01223,Synthetic Customer 01223,Consumer,Berlin,DE,2023-10-28
CUST-01224,Synthetic Customer 01224,Small Business,Berlin,DE,2024-07-03
CUST-01225,Synthetic Customer 01225,Small Business,Cologne,DE,2022-09-13
CUST-01226,Synthetic Customer 01226,Consumer,Brussels,BE,2021-09-23
CUST-01227,Synthetic Customer 01227,Consumer,Frankfurt,DE,2023-10-15
CUST-01228,Synthetic Customer 01228,Consumer,Vienna,AT,2022-09-25
CUST-01229,Synthetic Customer 01229,Consumer,Hamburg,DE,2025-02-07
CUST-01230,Synthetic Customer 01230,Consumer,Berlin,DE,2024-03-18
CUST-01231,Synthetic Customer 01231,Consumer,Amsterdam,NL,2025-02-06
CUST-01232,Synthetic Customer 01232,Small Business,Amsterdam,NL,2022-07-12
CUST-01233,Synthetic Customer 01233,Consumer,Frankfurt,DE,2025-05-24
CUST-01234,Synthetic Customer 01234,Consumer,Warsaw,PL,2024-11-11
CUST-01235,Synthetic Customer 01235,Enterprise,Cologne,DE,2021-10-11
CUST-01236,Synthetic Customer 01236,Consumer,Frankfurt,DE,2022-10-30
CUST-01237,Synthetic Customer 01237,Small Business,Warsaw,PL,2022-06-24
CUST-01238,Synthetic Customer 01238,Consumer,Vienna,AT,2021-12-20
CUST-01239,Synthetic Customer 01239,Consumer,Frankfurt,DE,2024-06-01
CUST-01240,Synthetic Customer 01240,Small Business,Berlin,DE,2024-12-12
CUST-01241,Synthetic Customer 01241,Enterprise,Berlin,DE,2022-03-23
CUST-01242,Synthetic Customer 01242,Consumer,Berlin,DE,2023-05-27
CUST-01243,Synthetic Customer 01243,Consumer,Berlin,DE,2023-12-28
CUST-01244,Synthetic Customer 01244,Consumer,Warsaw,PL,2022-10-19
CUST-01245,Synthetic Customer 01245,Consumer,Amsterdam,NL,2025-03-28
CUST-01246,Synthetic Customer 01246,Consumer,Frankfurt,DE,2024-03-02
CUST-01247,Synthetic Customer 01247,Consumer,Berlin,DE,2024-01-30
CUST-01248,Synthetic Customer 01248,Consumer,Prague,CZ,2024-11-19
CUST-01249,Synthetic Customer 01249,Consumer,Amsterdam,NL,2023-01-30
CUST-01250,Synthetic Customer 01250,Enterprise,Frankfurt,DE,2021-10-10
CUST-01251,Synthetic Customer 01251,Consumer,Leipzig,DE,2025-07-12
CUST-01252,Synthetic Customer 01252,Small Business,Düsseldorf,DE,2025-03-04
CUST-01253,Synthetic Customer 01253,Small Business,Brussels,BE,2025-05-07
CUST-01254,Synthetic Customer 01254,Consumer,Berlin,DE,2023-03-30
CUST-01255,Synthetic Customer 01255,Consumer,Amsterdam,NL,2023-09-08
CUST-01256,Synthetic Customer 01256,Consumer,Frankfurt,DE,2025-05-02
CUST-01257,Synthetic Customer 01257,Consumer,Berlin,DE,2021-12-09
CUST-01258,Synthetic Customer 01258,Small Business,Düsseldorf,DE,2024-09-05
CUST-01259,Synthetic Customer 01259,Small Business,Hamburg,DE,2024-12-28
CUST-01260,Synthetic Customer 01260,Mid-Market,Cologne,DE,2022-06-25
CUST-01261,Synthetic Customer 01261,Consumer,Paris,FR,2023-05-09
CUST-01262,Synthetic Customer 01262,Consumer,Cologne,DE,2023-05-21
CUST-01263,Synthetic Customer 01263,Consumer,Leipzig,DE,2024-03-03
CUST-01264,Synthetic Customer 01264,Consumer,Prague,CZ,2025-03-13
CUST-01265,Synthetic Customer 01265,Consumer,Vienna,AT,2021-11-09
CUST-01266,Synthetic Customer 01266,Enterprise,Frankfurt,DE,2023-10-12
CUST-01267,Synthetic Customer 01267,Enterprise,Berlin,DE,2022-08-23
CUST-01268,Synthetic Customer 01268,Small Business,Warsaw,PL,2024-10-21
CUST-01269,Synthetic Customer 01269,Consumer,Berlin,DE,2022-02-05
CUST-01270,Synthetic Customer 01270,Consumer,Düsseldorf,DE,2024-12-25
CUST-01271,Synthetic Customer 01271,Consumer,Brussels,BE,2023-12-02
CUST-01272,Synthetic Customer 01272,Consumer,Düsseldorf,DE,2024-07-29
CUST-01273,Synthetic Customer 01273,Small Business,Düsseldorf,DE,2022-01-26
CUST-01274,Synthetic Customer 01274,Consumer,Cologne,DE,2022-02-27
CUST-01275,Synthetic Customer 01275,Consumer,Leipzig,DE,2024-07-09
CUST-01276,Synthetic Customer 01276,Consumer,Frankfurt,DE,2024-08-22
CUST-01277,Synthetic Customer 01277,Consumer,Frankfurt,DE,2024-03-24
CUST-01278,Synthetic Customer 01278,Mid-Market,Munich,DE,2022-11-18
CUST-01279,Synthetic Customer 01279,Consumer,Düsseldorf,DE,2023-05-20
CUST-01280,Synthetic Customer 01280,Consumer,Cologne,DE,2024-10-15
CUST-01281,Synthetic Customer 01281,Consumer,Hamburg,DE,2024-12-20
CUST-01282,Synthetic Customer 01282,Mid-Market,Cologne,DE,2024-01-17
CUST-01283,Synthetic Customer 01283,Small Business,Munich,DE,2023-07-14
CUST-01284,Synthetic Customer 01284,Consumer,Brussels,BE,2025-07-04
CUST-01285,Synthetic Customer 01285,Consumer,Cologne,DE,2022-07-18
CUST-01286,Synthetic Customer 01286,Consumer,Frankfurt,DE,2023-10-18
CUST-01287,Synthetic Customer 01287,Consumer,Berlin,DE,2025-02-21
CUST-01288,Synthetic Customer 01288,Consumer,Frankfurt,DE,2022-06-28
CUST-01289,Synthetic Customer 01289,Consumer,Frankfurt,DE,2022-11-11
CUST-01290,Synthetic Customer 01290,Small Business,Frankfurt,DE,2024-07-16
CUST-01291,Synthetic Customer 01291,Consumer,Frankfurt,DE,2023-05-13
CUST-01292,Synthetic Customer 01292,Consumer,Leipzig,DE,2021-09-13
CUST-01293,Synthetic Customer 01293,Consumer,Düsseldorf,DE,2024-01-10
CUST-01294,Synthetic Customer 01294,Consumer,Berlin,DE,2025-02-14
CUST-01295,Synthetic Customer 01295,Consumer,Leipzig,DE,2024-04-29
CUST-01296,Synthetic Customer 01296,Consumer,Hamburg,DE,2021-10-12
CUST-01297,Synthetic Customer 01297,Small Business,Hamburg,DE,2024-09-09
CUST-01298,Synthetic Customer 01298,Consumer,Stuttgart,DE,2023-01-06
CUST-01299,Synthetic Customer 01299,Consumer,Stuttgart,DE,2024-09-08
CUST-01300,Synthetic Customer 01300,Small Business,Hamburg,DE,2024-04-13
CUST-01301,Synthetic Customer 01301,Consumer,Berlin,DE,2022-04-15
CUST-01302,Synthetic Customer 01302,Mid-Market,Warsaw,PL,2024-09-25
CUST-01303,Synthetic Customer 01303,Consumer,Cologne,DE,2023-10-28
CUST-01304,Synthetic Customer 01304,Small Business,Hamburg,DE,2024-10-23
CUST-01305,Synthetic Customer 01305,Small Business,Frankfurt,DE,2022-01-23
CUST-01306,Synthetic Customer 01306,Mid-Market,Munich,DE,2025-04-06
CUST-01307,Synthetic Customer 01307,Mid-Market,Prague,CZ,2023-02-16
CUST-01308,Synthetic Customer 01308,Consumer,Leipzig,DE,2024-02-22
CUST-01309,Synthetic Customer 01309,Consumer,Cologne,DE,2024-05-28
CUST-01310,Synthetic Customer 01310,Small Business,Leipzig,DE,2023-06-02
CUST-01311,Synthetic Customer 01311,Small Business,Vienna,AT,2025-06-01
CUST-01312,Synthetic Customer 01312,Consumer,Vienna,AT,2025-06-01
CUST-01313,Synthetic Customer 01313,Consumer,Frankfurt,DE,2025-03-23
CUST-01314,Synthetic Customer 01314,Consumer,Stuttgart,DE,2022-09-04
CUST-01315,Synthetic Customer 01315,Consumer,Berlin,DE,2024-04-22
CUST-01316,Synthetic Customer 01316,Consumer,Hamburg,DE,2022-07-05
CUST-01317,Synthetic Customer 01317,Consumer,Frankfurt,DE,2024-12-07
CUST-01318,Synthetic Customer 01318,Consumer,Munich,DE,2022-09-08
CUST-01319,Synthetic Customer 01319,Consumer,Leipzig,DE,2024-02-07
CUST-01320,Synthetic Customer 01320,Small Business,Paris,FR,2023-04-13
CUST-01321,Synthetic Customer 01321,Consumer,Warsaw,PL,2025-05-10
CUST-01322,Synthetic Customer 01322,Small Business,Berlin,DE,2023-10-31
CUST-01323,Synthetic Customer 01323,Consumer,Stuttgart,DE,2023-07-19
CUST-01324,Synthetic Customer 01324,Small Business,Berlin,DE,2024-04-01
CUST-01325,Synthetic Customer 01325,Consumer,Cologne,DE,2023-08-25
CUST-01326,Synthetic Customer 01326,Small Business,Munich,DE,2023-01-09
CUST-01327,Synthetic Customer 01327,Consumer,Berlin,DE,2021-09-27
CUST-01328,Synthetic Customer 01328,Mid-Market,Düsseldorf,DE,2024-03-31
CUST-01329,Synthetic Customer 01329,Consumer,Munich,DE,2022-06-02
CUST-01330,Synthetic Customer 01330,Mid-Market,Hamburg,DE,2025-04-20
CUST-01331,Synthetic Customer 01331,Consumer,Berlin,DE,2024-03-12
CUST-01332,Synthetic Customer 01332,Small Business,Hamburg,DE,2025-04-30
CUST-01333,Synthetic Customer 01333,Consumer,Berlin,DE,2024-08-12
CUST-01334,Synthetic Customer 01334,Consumer,Düsseldorf,DE,2024-05-18
CUST-01335,Synthetic Customer 01335,Consumer,Frankfurt,DE,2023-12-14
CUST-01336,Synthetic Customer 01336,Consumer,Düsseldorf,DE,2023-04-14
CUST-01337,Synthetic Customer 01337,Consumer,Frankfurt,DE,2022-09-10
CUST-01338,Synthetic Customer 01338,Consumer,Berlin,DE,2021-11-21
CUST-01339,Synthetic Customer 01339,Consumer,Hamburg,DE,2023-05-03
CUST-01340,Synthetic Customer 01340,Small Business,Frankfurt,DE,2024-01-08
CUST-01341,Synthetic Customer 01341,Consumer,Paris,FR,2022-09-01
CUST-01342,Synthetic Customer 01342,Consumer,Hamburg,DE,2023-02-27
CUST-01343,Synthetic Customer 01343,Consumer,Amsterdam,NL,2021-12-23
CUST-01344,Synthetic Customer 01344,Small Business,Vienna,AT,2022-10-09
CUST-01345,Synthetic Customer 01345,Small Business,Düsseldorf,DE,2024-04-20
CUST-01346,Synthetic Customer 01346,Consumer,Düsseldorf,DE,2024-11-03
CUST-01347,Synthetic Customer 01347,Mid-Market,Hamburg,DE,2022-10-12
CUST-01348,Synthetic Customer 01348,Consumer,Berlin,DE,2022-05-22
CUST-01349,Synthetic Customer 01349,Consumer,Berlin,DE,2022-08-06
CUST-01350,Synthetic Customer 01350,Consumer,Berlin,DE,2021-12-22
CUST-01351,Synthetic Customer 01351,Consumer,Hamburg,DE,2022-05-20
CUST-01352,Synthetic Customer 01352,Consumer,Munich,DE,2024-01-15
CUST-01353,Synthetic Customer 01353,Small Business,Düsseldorf,DE,2024-02-28
CUST-01354,Synthetic Customer 01354,Small Business,Vienna,AT,2024-06-10
CUST-01355,Synthetic Customer 01355,Consumer,Düsseldorf,DE,2024-12-07
CUST-01356,Synthetic Customer 01356,Mid-Market,Prague,CZ,2024-07-21
CUST-01357,Synthetic Customer 01357,Consumer,Berlin,DE,2021-09-12
CUST-01358,Synthetic Customer 01358,Consumer,Frankfurt,DE,2023-05-01
CUST-01359,Synthetic Customer 01359,Consumer,Berlin,DE,2024-01-06
CUST-01360,Synthetic Customer 01360,Small Business,Hamburg,DE,2024-09-22
CUST-01361,Synthetic Customer 01361,Small Business,Vienna,AT,2022-12-06
CUST-01362,Synthetic Customer 01362,Enterprise,Warsaw,PL,2024-09-29
CUST-01363,Synthetic Customer 01363,Consumer,Berlin,DE,2022-12-06
CUST-01364,Synthetic Customer 01364,Consumer,Munich,DE,2024-12-14
CUST-01365,Synthetic Customer 01365,Consumer,Düsseldorf,DE,2022-11-30
CUST-01366,Synthetic Customer 01366,Consumer,Frankfurt,DE,2022-12-09
CUST-01367,Synthetic Customer 01367,Small Business,Frankfurt,DE,2024-05-27
CUST-01368,Synthetic Customer 01368,Consumer,Amsterdam,NL,2024-11-19
CUST-01369,Synthetic Customer 01369,Consumer,Brussels,BE,2022-09-18
CUST-01370,Synthetic Customer 01370,Consumer,Prague,CZ,2025-02-19
CUST-01371,Synthetic Customer 01371,Small Business,Warsaw,PL,2022-11-30
CUST-01372,Synthetic Customer 01372,Consumer,Berlin,DE,2025-05-11
CUST-01373,Synthetic Customer 01373,Consumer,Stuttgart,DE,2023-11-05
CUST-01374,Synthetic Customer 01374,Consumer,Paris,FR,2025-02-26
CUST-01375,Synthetic Customer 01375,Consumer,Vienna,AT,2024-03-31
CUST-01376,Synthetic Customer 01376,Consumer,Berlin,DE,2023-10-27
CUST-01377,Synthetic Customer 01377,Enterprise,Brussels,BE,2023-02-19
CUST-01378,Synthetic Customer 01378,Mid-Market,Frankfurt,DE,2023-06-15
CUST-01379,Synthetic Customer 01379,Consumer,Berlin,DE,2022-01-22
CUST-01380,Synthetic Customer 01380,Mid-Market,Brussels,BE,2023-06-12
CUST-01381,Synthetic Customer 01381,Consumer,Berlin,DE,2023-03-30
CUST-01382,Synthetic Customer 01382,Consumer,Brussels,BE,2022-06-04
CUST-01383,Synthetic Customer 01383,Mid-Market,Frankfurt,DE,2023-12-17
CUST-01384,Synthetic Customer 01384,Consumer,Leipzig,DE,2023-10-19
CUST-01385,Synthetic Customer 01385,Consumer,Warsaw,PL,2023-02-06
CUST-01386,Synthetic Customer 01386,Consumer,Munich,DE,2022-07-07
CUST-01387,Synthetic Customer 01387,Consumer,Stuttgart,DE,2023-03-17
CUST-01388,Synthetic Customer 01388,Mid-Market,Warsaw,PL,2025-03-30
CUST-01389,Synthetic Customer 01389,Consumer,Prague,CZ,2023-06-19
CUST-01390,Synthetic Customer 01390,Consumer,Hamburg,DE,2023-07-16
CUST-01391,Synthetic Customer 01391,Consumer,Prague,CZ,2023-02-04
CUST-01392,Synthetic Customer 01392,Consumer,Berlin,DE,2023-06-07
CUST-01393,Synthetic Customer 01393,Mid-Market,Munich,DE,2021-12-15
CUST-01394,Synthetic Customer 01394,Consumer,Frankfurt,DE,2024-10-09
CUST-01395,Synthetic Customer 01395,Small Business,Vienna,AT,2022-09-02
CUST-01396,Synthetic Customer 01396,Consumer,Hamburg,DE,2021-11-23
CUST-01397,Synthetic Customer 01397,Consumer,Amsterdam,NL,2024-11-07
CUST-01398,Synthetic Customer 01398,Consumer,Hamburg,DE,2025-06-05
CUST-01399,Synthetic Customer 01399,Consumer,Berlin,DE,2023-03-20
CUST-01400,Synthetic Customer 01400,Consumer,Düsseldorf,DE,2023-05-24
CUST-01401,Synthetic Customer 01401,Consumer,Stuttgart,DE,2025-01-28
CUST-01402,Synthetic Customer 01402,Consumer,Brussels,BE,2025-02-09
CUST-01403,Synthetic Customer 01403,Mid-Market,Hamburg,DE,2025-05-02
CUST-01404,Synthetic Customer 01404,Consumer,Hamburg,DE,2025-02-17
CUST-01405,Synthetic Customer 01405,Consumer,Berlin,DE,2023-11-28
CUST-01406,Synthetic Customer 01406,Small Business,Munich,DE,2025-04-20
CUST-01407,Synthetic Customer 01407,Consumer,Frankfurt,DE,2022-05-22
CUST-01408,Synthetic Customer 01408,Consumer,Paris,FR,2023-03-05
CUST-01409,Synthetic Customer 01409,Consumer,Berlin,DE,2024-10-26
CUST-01410,Synthetic Customer 01410,Consumer,Frankfurt,DE,2025-07-12
CUST-01411,Synthetic Customer 01411,Mid-Market,Berlin,DE,2024-12-13
CUST-01412,Synthetic Customer 01412,Small Business,Paris,FR,2024-05-05
CUST-01413,Synthetic Customer 01413,Small Business,Paris,FR,2024-12-29
CUST-01414,Synthetic Customer 01414,Consumer,Stuttgart,DE,2024-01-23
CUST-01415,Synthetic Customer 01415,Consumer,Frankfurt,DE,2023-12-03
CUST-01416,Synthetic Customer 01416,Consumer,Berlin,DE,2023-08-12
CUST-01417,Synthetic Customer 01417,Small Business,Stuttgart,DE,2021-11-30
CUST-01418,Synthetic Customer 01418,Consumer,Berlin,DE,2023-11-06
CUST-01419,Synthetic Customer 01419,Consumer,Berlin,DE,2025-02-05
CUST-01420,Synthetic Customer 01420,Consumer,Brussels,BE,2023-08-13
CUST-01421,Synthetic Customer 01421,Consumer,Berlin,DE,2024-08-27
CUST-01422,Synthetic Customer 01422,Consumer,Berlin,DE,2024-05-13
CUST-01423,Synthetic Customer 01423,Consumer,Berlin,DE,2022-07-03
CUST-01424,Synthetic Customer 01424,Consumer,Leipzig,DE,2024-02-04
CUST-01425,Synthetic Customer 01425,Consumer,Berlin,DE,2022-11-24
CUST-01426,Synthetic Customer 01426,Consumer,Cologne,DE,2024-08-16
CUST-01427,Synthetic Customer 01427,Consumer,Berlin,DE,2023-11-08
CUST-01428,Synthetic Customer 01428,Consumer,Frankfurt,DE,2022-11-11
CUST-01429,Synthetic Customer 01429,Consumer,Munich,DE,2021-10-06
CUST-01430,Synthetic Customer 01430,Consumer,Berlin,DE,2023-12-03
CUST-01431,Synthetic Customer 01431,Consumer,Hamburg,DE,2023-10-19
CUST-01432,Synthetic Customer 01432,Small Business,Vienna,AT,2023-12-28
CUST-01433,Synthetic Customer 01433,Consumer,Stuttgart,DE,2022-12-01
CUST-01434,Synthetic Customer 01434,Small Business,Berlin,DE,2025-04-13
CUST-01435,Synthetic Customer 01435,Small Business,Düsseldorf,DE,2023-08-11
CUST-01436,Synthetic Customer 01436,Consumer,Munich,DE,2022-11-12
CUST-01437,Synthetic Customer 01437,Consumer,Stuttgart,DE,2024-02-26
CUST-01438,Synthetic Customer 01438,Consumer,Prague,CZ,2023-05-22
CUST-01439,Synthetic Customer 01439,Consumer,Cologne,DE,2022-02-05
CUST-01440,Synthetic Customer 01440,Consumer,Hamburg,DE,2022-07-26
CUST-01441,Synthetic Customer 01441,Consumer,Düsseldorf,DE,2025-05-11
CUST-01442,Synthetic Customer 01442,Mid-Market,Stuttgart,DE,2025-04-27
CUST-01443,Synthetic Customer 01443,Small Business,Frankfurt,DE,2022-02-26
CUST-01444,Synthetic Customer 01444,Small Business,Hamburg,DE,2023-10-14
CUST-01445,Synthetic Customer 01445,Consumer,Hamburg,DE,2025-02-09
CUST-01446,Synthetic Customer 01446,Small Business,Warsaw,PL,2024-03-04
CUST-01447,Synthetic Customer 01447,Consumer,Berlin,DE,2022-06-18
CUST-01448,Synthetic Customer 01448,Enterprise,Cologne,DE,2022-08-04
CUST-01449,Synthetic Customer 01449,Enterprise,Paris,FR,2023-10-17
CUST-01450,Synthetic Customer 01450,Small Business,Cologne,DE,2022-08-25
CUST-01451,Synthetic Customer 01451,Small Business,Berlin,DE,2022-10-08
CUST-01452,Synthetic Customer 01452,Consumer,Cologne,DE,2025-05-13
CUST-01453,Synthetic Customer 01453,Consumer,Düsseldorf,DE,2024-03-23
CUST-01454,Synthetic Customer 01454,Small Business,Berlin,DE,2022-06-19
CUST-01455,Synthetic Customer 01455,Mid-Market,Brussels,BE,2023-05-22
CUST-01456,Synthetic Customer 01456,Small Business,Berlin,DE,2024-11-30
CUST-01457,Synthetic Customer 01457,Consumer,Hamburg,DE,2023-11-29
CUST-01458,Synthetic Customer 01458,Consumer,Amsterdam,NL,2025-01-31
CUST-01459,Synthetic Customer 01459,Consumer,Leipzig,DE,2025-07-21
CUST-01460,Synthetic Customer 01460,Consumer,Frankfurt,DE,2024-08-29
CUST-01461,Synthetic Customer 01461,Consumer,Berlin,DE,2023-06-26
CUST-01462,Synthetic Customer 01462,Consumer,Munich,DE,2023-09-01
CUST-01463,Synthetic Customer 01463,Small Business,Frankfurt,DE,2025-04-26
CUST-01464,Synthetic Customer 01464,Consumer,Frankfurt,DE,2023-02-28
CUST-01465,Synthetic Customer 01465,Consumer,Stuttgart,DE,2022-10-21
CUST-01466,Synthetic Customer 01466,Small Business,Amsterdam,NL,2024-01-06
CUST-01467,Synthetic Customer 01467,Small Business,Cologne,DE,2025-06-23
CUST-01468,Synthetic Customer 01468,Consumer,Berlin,DE,2022-12-10
CUST-01469,Synthetic Customer 01469,Consumer,Düsseldorf,DE,2021-09-27
CUST-01470,Synthetic Customer 01470,Consumer,Paris,FR,2021-10-07
CUST-01471,Synthetic Customer 01471,Consumer,Berlin,DE,2024-10-05
CUST-01472,Synthetic Customer 01472,Consumer,Berlin,DE,2023-10-16
CUST-01473,Synthetic Customer 01473,Consumer,Hamburg,DE,2024-06-03
CUST-01474,Synthetic Customer 01474,Consumer,Vienna,AT,2023-02-08
CUST-01475,Synthetic Customer 01475,Consumer,Amsterdam,NL,2024-10-25
CUST-01476,Synthetic Customer 01476,Consumer,Paris,FR,2022-03-09
CUST-01477,Synthetic Customer 01477,Consumer,Munich,DE,2024-10-31
CUST-01478,Synthetic Customer 01478,Consumer,Hamburg,DE,2025-06-03
CUST-01479,Synthetic Customer 01479,Consumer,Vienna,AT,2025-01-01
CUST-01480,Synthetic Customer 01480,Consumer,Hamburg,DE,2021-10-08
CUST-01481,Synthetic Customer 01481,Consumer,Berlin,DE,2022-03-25
CUST-01482,Synthetic Customer 01482,Consumer,Brussels,BE,2024-02-07
CUST-01483,Synthetic Customer 01483,Consumer,Hamburg,DE,2024-08-18
CUST-01484,Synthetic Customer 01484,Consumer,Warsaw,PL,2023-05-25
CUST-01485,Synthetic Customer 01485,Consumer,Berlin,DE,2022-05-08
CUST-01486,Synthetic Customer 01486,Small Business,Berlin,DE,2025-05-16
CUST-01487,Synthetic Customer 01487,Small Business,Stuttgart,DE,2022-03-03
CUST-01488,Synthetic Customer 01488,Consumer,Stuttgart,DE,2025-07-03
CUST-01489,Synthetic Customer 01489,Small Business,Prague,CZ,2024-06-08
CUST-01490,Synthetic Customer 01490,Consumer,Leipzig,DE,2022-06-17
CUST-01491,Synthetic Customer 01491,Consumer,Düsseldorf,DE,2023-11-26
CUST-01492,Synthetic Customer 01492,Consumer,Vienna,AT,2025-03-23
CUST-01493,Synthetic Customer 01493,Consumer,Düsseldorf,DE,2025-02-23
CUST-01494,Synthetic Customer 01494,Consumer,Düsseldorf,DE,2024-09-22
CUST-01495,Synthetic Customer 01495,Consumer,Warsaw,PL,2022-12-19
CUST-01496,Synthetic Customer 01496,Consumer,Hamburg,DE,2024-04-09
CUST-01497,Synthetic Customer 01497,Consumer,Düsseldorf,DE,2022-02-17
CUST-01498,Synthetic Customer 01498,Consumer,Munich,DE,2022-05-07
CUST-01499,Synthetic Customer 01499,Consumer,Prague,CZ,2023-12-01
CUST-01500,Synthetic Customer 01500,Consumer,Frankfurt,DE,2025-06-05
CUST-01501,Synthetic Customer 01501,Mid-Market,Paris,FR,2021-09-13
CUST-01502,Synthetic Customer 01502,Consumer,Frankfurt,DE,2022-06-28
CUST-01503,Synthetic Customer 01503,Consumer,Frankfurt,DE,2022-03-18
CUST-01504,Synthetic Customer 01504,Consumer,Munich,DE,2022-03-16
CUST-01505,Synthetic Customer 01505,Consumer,Frankfurt,DE,2024-06-19
CUST-01506,Synthetic Customer 01506,Consumer,Brussels,BE,2024-10-09
CUST-01507,Synthetic Customer 01507,Enterprise,Cologne,DE,2022-03-21
CUST-01508,Synthetic Customer 01508,Consumer,Hamburg,DE,2024-05-19
CUST-01509,Synthetic Customer 01509,Consumer,Frankfurt,DE,2024-01-20
CUST-01510,Synthetic Customer 01510,Small Business,Vienna,AT,2023-09-01
CUST-01511,Synthetic Customer 01511,Consumer,Berlin,DE,2023-10-27
CUST-01512,Synthetic Customer 01512,Consumer,Vienna,AT,2023-01-19
CUST-01513,Synthetic Customer 01513,Consumer,Cologne,DE,2023-08-08
CUST-01514,Synthetic Customer 01514,Consumer,Berlin,DE,2023-04-01
CUST-01515,Synthetic Customer 01515,Enterprise,Berlin,DE,2025-02-15
CUST-01516,Synthetic Customer 01516,Small Business,Hamburg,DE,2022-10-06
CUST-01517,Synthetic Customer 01517,Consumer,Warsaw,PL,2022-10-26
CUST-01518,Synthetic Customer 01518,Enterprise,Munich,DE,2021-11-27
CUST-01519,Synthetic Customer 01519,Small Business,Cologne,DE,2024-03-01
CUST-01520,Synthetic Customer 01520,Consumer,Prague,CZ,2025-06-17
CUST-01521,Synthetic Customer 01521,Mid-Market,Berlin,DE,2023-10-30
CUST-01522,Synthetic Customer 01522,Mid-Market,Stuttgart,DE,2023-12-31
CUST-01523,Synthetic Customer 01523,Mid-Market,Berlin,DE,2023-08-29
CUST-01524,Synthetic Customer 01524,Consumer,Berlin,DE,2022-01-27
CUST-01525,Synthetic Customer 01525,Consumer,Berlin,DE,2023-12-29
CUST-01526,Synthetic Customer 01526,Small Business,Munich,DE,2023-03-18
CUST-01527,Synthetic Customer 01527,Consumer,Leipzig,DE,2025-02-05
CUST-01528,Synthetic Customer 01528,Consumer,Warsaw,PL,2023-01-07
CUST-01529,Synthetic Customer 01529,Small Business,Berlin,DE,2023-05-21
CUST-01530,Synthetic Customer 01530,Consumer,Stuttgart,DE,2023-11-13
CUST-01531,Synthetic Customer 01531,Consumer,Munich,DE,2024-03-18
CUST-01532,Synthetic Customer 01532,Consumer,Stuttgart,DE,2022-07-11
CUST-01533,Synthetic Customer 01533,Consumer,Paris,FR,2023-02-24
CUST-01534,Synthetic Customer 01534,Consumer,Paris,FR,2024-05-20
CUST-01535,Synthetic Customer 01535,Small Business,Frankfurt,DE,2024-11-11
CUST-01536,Synthetic Customer 01536,Consumer,Frankfurt,DE,2022-08-22
CUST-01537,Synthetic Customer 01537,Mid-Market,Cologne,DE,2022-12-14
CUST-01538,Synthetic Customer 01538,Consumer,Berlin,DE,2022-11-14
CUST-01539,Synthetic Customer 01539,Consumer,Frankfurt,DE,2023-04-25
CUST-01540,Synthetic Customer 01540,Consumer,Munich,DE,2024-02-05
CUST-01541,Synthetic Customer 01541,Mid-Market,Düsseldorf,DE,2025-07-05
CUST-01542,Synthetic Customer 01542,Small Business,Düsseldorf,DE,2024-10-24
CUST-01543,Synthetic Customer 01543,Consumer,Leipzig,DE,2024-01-22
CUST-01544,Synthetic Customer 01544,Enterprise,Vienna,AT,2023-07-08
CUST-01545,Synthetic Customer 01545,Consumer,Düsseldorf,DE,2024-09-25
CUST-01546,Synthetic Customer 01546,Consumer,Stuttgart,DE,2024-11-08
CUST-01547,Synthetic Customer 01547,Small Business,Amsterdam,NL,2023-11-21
CUST-01548,Synthetic Customer 01548,Small Business,Berlin,DE,2024-11-09
CUST-01549,Synthetic Customer 01549,Consumer,Munich,DE,2021-11-18
CUST-01550,Synthetic Customer 01550,Small Business,Amsterdam,NL,2024-06-13
CUST-01551,Synthetic Customer 01551,Consumer,Amsterdam,NL,2023-10-14
CUST-01552,Synthetic Customer 01552,Small Business,Hamburg,DE,2022-02-08
CUST-01553,Synthetic Customer 01553,Consumer,Amsterdam,NL,2025-04-09
CUST-01554,Synthetic Customer 01554,Small Business,Vienna,AT,2023-06-23
CUST-01555,Synthetic Customer 01555,Consumer,Hamburg,DE,2024-10-14
CUST-01556,Synthetic Customer 01556,Small Business,Munich,DE,2022-12-28
CUST-01557,Synthetic Customer 01557,Consumer,Leipzig,DE,2024-02-13
CUST-01558,Synthetic Customer 01558,Consumer,Hamburg,DE,2023-12-15
CUST-01559,Synthetic Customer 01559,Mid-Market,Düsseldorf,DE,2022-01-31
CUST-01560,Synthetic Customer 01560,Enterprise,Berlin,DE,2021-10-25
CUST-01561,Synthetic Customer 01561,Consumer,Munich,DE,2024-10-30
CUST-01562,Synthetic Customer 01562,Consumer,Vienna,AT,2023-04-06
CUST-01563,Synthetic Customer 01563,Consumer,Amsterdam,NL,2022-03-10
CUST-01564,Synthetic Customer 01564,Small Business,Hamburg,DE,2023-09-14
CUST-01565,Synthetic Customer 01565,Consumer,Frankfurt,DE,2022-03-04
CUST-01566,Synthetic Customer 01566,Small Business,Berlin,DE,2025-06-24
CUST-01567,Synthetic Customer 01567,Small Business,Cologne,DE,2024-09-29
CUST-01568,Synthetic Customer 01568,Consumer,Frankfurt,DE,2024-02-09
CUST-01569,Synthetic Customer 01569,Mid-Market,Hamburg,DE,2025-06-08
CUST-01570,Synthetic Customer 01570,Mid-Market,Düsseldorf,DE,2022-09-30
CUST-01571,Synthetic Customer 01571,Consumer,Prague,CZ,2022-04-30
CUST-01572,Synthetic Customer 01572,Small Business,Amsterdam,NL,2025-03-26
CUST-01573,Synthetic Customer 01573,Mid-Market,Frankfurt,DE,2025-01-25
CUST-01574,Synthetic Customer 01574,Consumer,Hamburg,DE,2022-07-09
CUST-01575,Synthetic Customer 01575,Mid-Market,Berlin,DE,2024-02-23
CUST-01576,Synthetic Customer 01576,Small Business,Stuttgart,DE,2021-09-25
CUST-01577,Synthetic Customer 01577,Consumer,Prague,CZ,2024-12-22
CUST-01578,Synthetic Customer 01578,Consumer,Amsterdam,NL,2023-08-26
CUST-01579,Synthetic Customer 01579,Small Business,Hamburg,DE,2024-03-19
CUST-01580,Synthetic Customer 01580,Consumer,Frankfurt,DE,2025-04-29
CUST-01581,Synthetic Customer 01581,Small Business,Berlin,DE,2024-03-16
CUST-01582,Synthetic Customer 01582,Small Business,Warsaw,PL,2021-11-16
CUST-01583,Synthetic Customer 01583,Consumer,Frankfurt,DE,2022-01-14
CUST-01584,Synthetic Customer 01584,Consumer,Hamburg,DE,2025-01-16
CUST-01585,Synthetic Customer 01585,Mid-Market,Hamburg,DE,2024-06-18
CUST-01586,Synthetic Customer 01586,Consumer,Warsaw,PL,2024-10-04
CUST-01587,Synthetic Customer 01587,Small Business,Stuttgart,DE,2025-06-14
CUST-01588,Synthetic Customer 01588,Consumer,Paris,FR,2021-12-11
CUST-01589,Synthetic Customer 01589,Small Business,Berlin,DE,2024-02-15
CUST-01590,Synthetic Customer 01590,Consumer,Düsseldorf,DE,2023-01-17
CUST-01591,Synthetic Customer 01591,Enterprise,Amsterdam,NL,2022-08-29
CUST-01592,Synthetic Customer 01592,Consumer,Leipzig,DE,2024-02-09
CUST-01593,Synthetic Customer 01593,Small Business,Munich,DE,2022-02-27
CUST-01594,Synthetic Customer 01594,Small Business,Warsaw,PL,2023-02-02
CUST-01595,Synthetic Customer 01595,Consumer,Warsaw,PL,2025-07-17
CUST-01596,Synthetic Customer 01596,Consumer,Berlin,DE,2024-04-24
CUST-01597,Synthetic Customer 01597,Small Business,Paris,FR,2022-11-18
CUST-01598,Synthetic Customer 01598,Consumer,Munich,DE,2021-10-13
CUST-01599,Synthetic Customer 01599,Consumer,Munich,DE,2022-04-14
CUST-01600,Synthetic Customer 01600,Mid-Market,Hamburg,DE,2024-03-28
CUST-01601,Synthetic Customer 01601,Small Business,Frankfurt,DE,2024-03-04
CUST-01602,Synthetic Customer 01602,Consumer,Brussels,BE,2023-06-20
CUST-01603,Synthetic Customer 01603,Consumer,Cologne,DE,2025-04-02
CUST-01604,Synthetic Customer 01604,Consumer,Stuttgart,DE,2025-07-21
CUST-01605,Synthetic Customer 01605,Consumer,Warsaw,PL,2021-12-09
CUST-01606,Synthetic Customer 01606,Consumer,Stuttgart,DE,2022-04-29
CUST-01607,Synthetic Customer 01607,Consumer,Prague,CZ,2023-09-18
CUST-01608,Synthetic Customer 01608,Consumer,Brussels,BE,2022-01-22
CUST-01609,Synthetic Customer 01609,Consumer,Stuttgart,DE,2021-11-19
CUST-01610,Synthetic Customer 01610,Consumer,Berlin,DE,2022-09-19
CUST-01611,Synthetic Customer 01611,Consumer,Prague,CZ,2024-09-11
CUST-01612,Synthetic Customer 01612,Small Business,Hamburg,DE,2023-05-28
CUST-01613,Synthetic Customer 01613,Consumer,Leipzig,DE,2023-06-27
CUST-01614,Synthetic Customer 01614,Consumer,Munich,DE,2023-10-21
CUST-01615,Synthetic Customer 01615,Small Business,Hamburg,DE,2025-03-17
CUST-01616,Synthetic Customer 01616,Consumer,Stuttgart,DE,2022-03-26
CUST-01617,Synthetic Customer 01617,Consumer,Düsseldorf,DE,2025-06-16
CUST-01618,Synthetic Customer 01618,Consumer,Munich,DE,2024-09-16
CUST-01619,Synthetic Customer 01619,Mid-Market,Warsaw,PL,2024-08-08
CUST-01620,Synthetic Customer 01620,Consumer,Berlin,DE,2023-12-31
CUST-01621,Synthetic Customer 01621,Small Business,Hamburg,DE,2022-09-08
CUST-01622,Synthetic Customer 01622,Consumer,Hamburg,DE,2022-07-01
CUST-01623,Synthetic Customer 01623,Consumer,Leipzig,DE,2024-03-25
CUST-01624,Synthetic Customer 01624,Consumer,Munich,DE,2023-12-05
CUST-01625,Synthetic Customer 01625,Consumer,Berlin,DE,2022-05-06
CUST-01626,Synthetic Customer 01626,Mid-Market,Stuttgart,DE,2024-08-09
CUST-01627,Synthetic Customer 01627,Small Business,Amsterdam,NL,2024-03-19
CUST-01628,Synthetic Customer 01628,Consumer,Warsaw,PL,2021-10-29
CUST-01629,Synthetic Customer 01629,Consumer,Leipzig,DE,2022-03-26
CUST-01630,Synthetic Customer 01630,Consumer,Berlin,DE,2024-03-22
CUST-01631,Synthetic Customer 01631,Mid-Market,Munich,DE,2025-01-06
CUST-01632,Synthetic Customer 01632,Consumer,Munich,DE,2024-05-25
CUST-01633,Synthetic Customer 01633,Consumer,Amsterdam,NL,2024-11-15
CUST-01634,Synthetic Customer 01634,Consumer,Stuttgart,DE,2022-08-23
CUST-01635,Synthetic Customer 01635,Mid-Market,Vienna,AT,2023-12-19
CUST-01636,Synthetic Customer 01636,Small Business,Stuttgart,DE,2023-02-11
CUST-01637,Synthetic Customer 01637,Small Business,Vienna,AT,2022-06-20
CUST-01638,Synthetic Customer 01638,Consumer,Berlin,DE,2022-11-06
CUST-01639,Synthetic Customer 01639,Small Business,Munich,DE,2023-07-02
CUST-01640,Synthetic Customer 01640,Mid-Market,Berlin,DE,2024-04-12
CUST-01641,Synthetic Customer 01641,Consumer,Stuttgart,DE,2023-10-21
CUST-01642,Synthetic Customer 01642,Consumer,Munich,DE,2023-08-31
CUST-01643,Synthetic Customer 01643,Mid-Market,Paris,FR,2021-09-24
CUST-01644,Synthetic Customer 01644,Enterprise,Amsterdam,NL,2025-03-10
CUST-01645,Synthetic Customer 01645,Consumer,Düsseldorf,DE,2023-02-27
CUST-01646,Synthetic Customer 01646,Consumer,Hamburg,DE,2022-05-10
CUST-01647,Synthetic Customer 01647,Mid-Market,Paris,FR,2025-03-03
CUST-01648,Synthetic Customer 01648,Consumer,Vienna,AT,2025-03-08
CUST-01649,Synthetic Customer 01649,Consumer,Hamburg,DE,2024-10-13
CUST-01650,Synthetic Customer 01650,Consumer,Berlin,DE,2023-09-12
CUST-01651,Synthetic Customer 01651,Consumer,Leipzig,DE,2024-12-26
CUST-01652,Synthetic Customer 01652,Consumer,Munich,DE,2022-12-09
CUST-01653,Synthetic Customer 01653,Consumer,Berlin,DE,2025-02-14
CUST-01654,Synthetic Customer 01654,Small Business,Frankfurt,DE,2024-08-20
CUST-01655,Synthetic Customer 01655,Small Business,Berlin,DE,2022-12-09
CUST-01656,Synthetic Customer 01656,Mid-Market,Düsseldorf,DE,2021-11-21
CUST-01657,Synthetic Customer 01657,Consumer,Hamburg,DE,2023-08-04
CUST-01658,Synthetic Customer 01658,Consumer,Stuttgart,DE,2025-04-21
CUST-01659,Synthetic Customer 01659,Small Business,Brussels,BE,2022-01-16
CUST-01660,Synthetic Customer 01660,Consumer,Munich,DE,2024-10-29
CUST-01661,Synthetic Customer 01661,Small Business,Cologne,DE,2022-02-27
CUST-01662,Synthetic Customer 01662,Small Business,Stuttgart,DE,2022-02-27
CUST-01663,Synthetic Customer 01663,Consumer,Warsaw,PL,2022-06-09
CUST-01664,Synthetic Customer 01664,Small Business,Vienna,AT,2024-02-23
CUST-01665,Synthetic Customer 01665,Consumer,Amsterdam,NL,2022-06-15
CUST-01666,Synthetic Customer 01666,Enterprise,Hamburg,DE,2022-05-11
CUST-01667,Synthetic Customer 01667,Small Business,Paris,FR,2024-12-16
CUST-01668,Synthetic Customer 01668,Small Business,Frankfurt,DE,2022-02-21
CUST-01669,Synthetic Customer 01669,Consumer,Cologne,DE,2024-07-09
CUST-01670,Synthetic Customer 01670,Consumer,Warsaw,PL,2022-09-01
CUST-01671,Synthetic Customer 01671,Small Business,Hamburg,DE,2022-03-05
CUST-01672,Synthetic Customer 01672,Small Business,Vienna,AT,2025-02-14
CUST-01673,Synthetic Customer 01673,Consumer,Amsterdam,NL,2025-04-18
CUST-01674,Synthetic Customer 01674,Consumer,Munich,DE,2024-12-20
CUST-01675,Synthetic Customer 01675,Consumer,Berlin,DE,2022-09-15
CUST-01676,Synthetic Customer 01676,Consumer,Cologne,DE,2025-05-12
CUST-01677,Synthetic Customer 01677,Consumer,Amsterdam,NL,2023-06-13
CUST-01678,Synthetic Customer 01678,Consumer,Frankfurt,DE,2024-07-10
CUST-01679,Synthetic Customer 01679,Consumer,Vienna,AT,2023-04-14
CUST-01680,Synthetic Customer 01680,Small Business,Leipzig,DE,2022-05-17
CUST-01681,Synthetic Customer 01681,Small Business,Hamburg,DE,2022-12-25
CUST-01682,Synthetic Customer 01682,Consumer,Munich,DE,2023-04-07
CUST-01683,Synthetic Customer 01683,Mid-Market,Düsseldorf,DE,2025-02-15
CUST-01684,Synthetic Customer 01684,Small Business,Munich,DE,2022-04-16
CUST-01685,Synthetic Customer 01685,Consumer,Leipzig,DE,2024-08-01
CUST-01686,Synthetic Customer 01686,Consumer,Stuttgart,DE,2024-05-19
CUST-01687,Synthetic Customer 01687,Consumer,Berlin,DE,2025-05-27
CUST-01688,Synthetic Customer 01688,Small Business,Berlin,DE,2024-05-23
CUST-01689,Synthetic Customer 01689,Consumer,Munich,DE,2023-01-27
CUST-01690,Synthetic Customer 01690,Enterprise,Prague,CZ,2022-05-04
CUST-01691,Synthetic Customer 01691,Consumer,Stuttgart,DE,2024-11-17
CUST-01692,Synthetic Customer 01692,Enterprise,Warsaw,PL,2022-08-13
CUST-01693,Synthetic Customer 01693,Consumer,Brussels,BE,2024-09-21
CUST-01694,Synthetic Customer 01694,Consumer,Cologne,DE,2023-07-07
CUST-01695,Synthetic Customer 01695,Small Business,Berlin,DE,2024-01-22
CUST-01696,Synthetic Customer 01696,Small Business,Hamburg,DE,2023-10-30
CUST-01697,Synthetic Customer 01697,Consumer,Cologne,DE,2024-10-24
CUST-01698,Synthetic Customer 01698,Small Business,Munich,DE,2024-09-08
CUST-01699,Synthetic Customer 01699,Enterprise,Warsaw,PL,2024-02-24
CUST-01700,Synthetic Customer 01700,Small Business,Berlin,DE,2024-07-06
CUST-01701,Synthetic Customer 01701,Consumer,Frankfurt,DE,2022-08-23
CUST-01702,Synthetic Customer 01702,Consumer,Munich,DE,2024-12-08
CUST-01703,Synthetic Customer 01703,Consumer,Berlin,DE,2021-12-04
CUST-01704,Synthetic Customer 01704,Small Business,Hamburg,DE,2025-07-13
CUST-01705,Synthetic Customer 01705,Consumer,Frankfurt,DE,2023-08-10
CUST-01706,Synthetic Customer 01706,Consumer,Munich,DE,2022-05-23
CUST-01707,Synthetic Customer 01707,Consumer,Munich,DE,2022-01-20
CUST-01708,Synthetic Customer 01708,Small Business,Amsterdam,NL,2024-11-05
CUST-01709,Synthetic Customer 01709,Consumer,Vienna,AT,2025-02-06
CUST-01710,Synthetic Customer 01710,Consumer,Cologne,DE,2022-03-02
CUST-01711,Synthetic Customer 01711,Consumer,Frankfurt,DE,2023-05-01
CUST-01712,Synthetic Customer 01712,Consumer,Düsseldorf,DE,2023-10-06
CUST-01713,Synthetic Customer 01713,Enterprise,Düsseldorf,DE,2022-10-04
CUST-01714,Synthetic Customer 01714,Consumer,Prague,CZ,2022-10-04
CUST-01715,Synthetic Customer 01715,Consumer,Hamburg,DE,2024-07-09
CUST-01716,Synthetic Customer 01716,Small Business,Stuttgart,DE,2025-02-12
CUST-01717,Synthetic Customer 01717,Consumer,Munich,DE,2023-02-05
CUST-01718,Synthetic Customer 01718,Consumer,Hamburg,DE,2022-03-24
CUST-01719,Synthetic Customer 01719,Small Business,Munich,DE,2023-02-18
CUST-01720,Synthetic Customer 01720,Small Business,Warsaw,PL,2023-02-28
CUST-01721,Synthetic Customer 01721,Consumer,Berlin,DE,2023-07-01
CUST-01722,Synthetic Customer 01722,Consumer,Berlin,DE,2023-12-07
CUST-01723,Synthetic Customer 01723,Consumer,Prague,CZ,2025-03-25
CUST-01724,Synthetic Customer 01724,Small Business,Berlin,DE,2024-08-31
CUST-01725,Synthetic Customer 01725,Consumer,Frankfurt,DE,2025-06-28
CUST-01726,Synthetic Customer 01726,Consumer,Paris,FR,2024-02-03
CUST-01727,Synthetic Customer 01727,Consumer,Cologne,DE,2022-01-01
CUST-01728,Synthetic Customer 01728,Consumer,Munich,DE,2023-03-06
CUST-01729,Synthetic Customer 01729,Enterprise,Munich,DE,2024-01-30
CUST-01730,Synthetic Customer 01730,Small Business,Hamburg,DE,2023-11-24
CUST-01731,Synthetic Customer 01731,Consumer,Frankfurt,DE,2022-05-01
CUST-01732,Synthetic Customer 01732,Consumer,Brussels,BE,2023-10-30
CUST-01733,Synthetic Customer 01733,Small Business,Munich,DE,2024-03-09
CUST-01734,Synthetic Customer 01734,Consumer,Berlin,DE,2022-12-12
CUST-01735,Synthetic Customer 01735,Small Business,Hamburg,DE,2022-12-15
CUST-01736,Synthetic Customer 01736,Consumer,Hamburg,DE,2023-02-01
CUST-01737,Synthetic Customer 01737,Consumer,Hamburg,DE,2025-05-10
CUST-01738,Synthetic Customer 01738,Consumer,Leipzig,DE,2022-01-22
CUST-01739,Synthetic Customer 01739,Consumer,Berlin,DE,2023-04-03
CUST-01740,Synthetic Customer 01740,Consumer,Vienna,AT,2023-04-14
CUST-01741,Synthetic Customer 01741,Consumer,Düsseldorf,DE,2024-08-11
CUST-01742,Synthetic Customer 01742,Small Business,Cologne,DE,2023-01-17
CUST-01743,Synthetic Customer 01743,Mid-Market,Frankfurt,DE,2025-04-05
CUST-01744,Synthetic Customer 01744,Consumer,Vienna,AT,2025-07-07
CUST-01745,Synthetic Customer 01745,Consumer,Stuttgart,DE,2022-01-09
CUST-01746,Synthetic Customer 01746,Enterprise,Stuttgart,DE,2024-12-10
CUST-01747,Synthetic Customer 01747,Enterprise,Prague,CZ,2025-04-10
CUST-01748,Synthetic Customer 01748,Consumer,Düsseldorf,DE,2025-01-08
CUST-01749,Synthetic Customer 01749,Consumer,Vienna,AT,2023-12-04
CUST-01750,Synthetic Customer 01750,Consumer,Berlin,DE,2022-01-24
CUST-01751,Synthetic Customer 01751,Consumer,Warsaw,PL,2023-12-31
CUST-01752,Synthetic Customer 01752,Consumer,Warsaw,PL,2023-07-23
CUST-01753,Synthetic Customer 01753,Consumer,Paris,FR,2025-03-13
CUST-01754,Synthetic Customer 01754,Consumer,Paris,FR,2025-05-14
CUST-01755,Synthetic Customer 01755,Consumer,Hamburg,DE,2024-05-14
CUST-01756,Synthetic Customer 01756,Consumer,Warsaw,PL,2024-11-13
CUST-01757,Synthetic Customer 01757,Consumer,Frankfurt,DE,2023-10-12
CUST-01758,Synthetic Customer 01758,Consumer,Prague,CZ,2024-06-13
CUST-01759,Synthetic Customer 01759,Small Business,Munich,DE,2023-01-09
CUST-01760,Synthetic Customer 01760,Consumer,Paris,FR,2024-08-08
CUST-01761,Synthetic Customer 01761,Consumer,Stuttgart,DE,2023-04-29
CUST-01762,Synthetic Customer 01762,Consumer,Frankfurt,DE,2021-10-04
CUST-01763,Synthetic Customer 01763,Consumer,Vienna,AT,2024-11-03
CUST-01764,Synthetic Customer 01764,Consumer,Düsseldorf,DE,2024-11-27
CUST-01765,Synthetic Customer 01765,Small Business,Prague,CZ,2024-08-17
CUST-01766,Synthetic Customer 01766,Consumer,Leipzig,DE,2024-04-18
CUST-01767,Synthetic Customer 01767,Consumer,Warsaw,PL,2023-08-24
CUST-01768,Synthetic Customer 01768,Consumer,Munich,DE,2024-09-14
CUST-01769,Synthetic Customer 01769,Small Business,Berlin,DE,2025-05-17
CUST-01770,Synthetic Customer 01770,Consumer,Berlin,DE,2022-09-01
CUST-01771,Synthetic Customer 01771,Consumer,Prague,CZ,2023-07-25
CUST-01772,Synthetic Customer 01772,Consumer,Düsseldorf,DE,2023-05-19
CUST-01773,Synthetic Customer 01773,Consumer,Prague,CZ,2024-07-17
CUST-01774,Synthetic Customer 01774,Small Business,Munich,DE,2024-06-08
CUST-01775,Synthetic Customer 01775,Consumer,Prague,CZ,2022-06-15
CUST-01776,Synthetic Customer 01776,Consumer,Hamburg,DE,2024-10-23
CUST-01777,Synthetic Customer 01777,Consumer,Hamburg,DE,2025-01-28
CUST-01778,Synthetic Customer 01778,Consumer,Hamburg,DE,2024-05-01
CUST-01779,Synthetic Customer 01779,Consumer,Munich,DE,2025-02-05
CUST-01780,Synthetic Customer 01780,Mid-Market,Vienna,AT,2024-03-06
CUST-01781,Synthetic Customer 01781,Consumer,Vienna,AT,2025-04-30
CUST-01782,Synthetic Customer 01782,Consumer,Cologne,DE,2022-12-23
CUST-01783,Synthetic Customer 01783,Consumer,Hamburg,DE,2024-02-09
CUST-01784,Synthetic Customer 01784,Consumer,Munich,DE,2025-06-03
CUST-01785,Synthetic Customer 01785,Consumer,Berlin,DE,2024-01-31
CUST-01786,Synthetic Customer 01786,Small Business,Frankfurt,DE,2025-07-14
CUST-01787,Synthetic Customer 01787,Consumer,Berlin,DE,2024-04-17
CUST-01788,Synthetic Customer 01788,Consumer,Amsterdam,NL,2022-11-06
CUST-01789,Synthetic Customer 01789,Consumer,Munich,DE,2022-12-30
CUST-01790,Synthetic Customer 01790,Consumer,Munich,DE,2022-09-14
CUST-01791,Synthetic Customer 01791,Small Business,Frankfurt,DE,2025-04-14
CUST-01792,Synthetic Customer 01792,Consumer,Hamburg,DE,2025-07-16
CUST-01793,Synthetic Customer 01793,Consumer,Cologne,DE,2023-12-23
CUST-01794,Synthetic Customer 01794,Consumer,Leipzig,DE,2022-08-20
CUST-01795,Synthetic Customer 01795,Small Business,Warsaw,PL,2023-09-13
CUST-01796,Synthetic Customer 01796,Consumer,Leipzig,DE,2022-06-25
CUST-01797,Synthetic Customer 01797,Consumer,Munich,DE,2024-12-09
CUST-01798,Synthetic Customer 01798,Enterprise,Frankfurt,DE,2022-04-29
CUST-01799,Synthetic Customer 01799,Mid-Market,Amsterdam,NL,2022-07-03
CUST-01800,Synthetic Customer 01800,Small Business,Munich,DE,2022-08-06
CUST-01801,Synthetic Customer 01801,Consumer,Berlin,DE,2024-03-29
CUST-01802,Synthetic Customer 01802,Consumer,Prague,CZ,2022-05-03
CUST-01803,Synthetic Customer 01803,Consumer,Frankfurt,DE,2022-11-28
CUST-01804,Synthetic Customer 01804,Mid-Market,Leipzig,DE,2022-09-11
CUST-01805,Synthetic Customer 01805,Small Business,Brussels,BE,2024-09-22
CUST-01806,Synthetic Customer 01806,Mid-Market,Hamburg,DE,2022-01-03
CUST-01807,Synthetic Customer 01807,Consumer,Frankfurt,DE,2023-09-23
CUST-01808,Synthetic Customer 01808,Consumer,Amsterdam,NL,2023-05-21
CUST-01809,Synthetic Customer 01809,Consumer,Vienna,AT,2025-07-13
CUST-01810,Synthetic Customer 01810,Consumer,Leipzig,DE,2024-07-16
CUST-01811,Synthetic Customer 01811,Small Business,Berlin,DE,2023-06-09
CUST-01812,Synthetic Customer 01812,Mid-Market,Berlin,DE,2022-10-05
CUST-01813,Synthetic Customer 01813,Consumer,Stuttgart,DE,2023-04-20
CUST-01814,Synthetic Customer 01814,Consumer,Hamburg,DE,2025-04-16
CUST-01815,Synthetic Customer 01815,Consumer,Brussels,BE,2022-03-18
CUST-01816,Synthetic Customer 01816,Consumer,Stuttgart,DE,2022-05-23
CUST-01817,Synthetic Customer 01817,Consumer,Warsaw,PL,2023-02-05
CUST-01818,Synthetic Customer 01818,Consumer,Vienna,AT,2022-05-12
CUST-01819,Synthetic Customer 01819,Consumer,Leipzig,DE,2022-08-22
CUST-01820,Synthetic Customer 01820,Small Business,Hamburg,DE,2025-05-15
CUST-01821,Synthetic Customer 01821,Small Business,Munich,DE,2023-04-03
CUST-01822,Synthetic Customer 01822,Small Business,Paris,FR,2023-07-03
CUST-01823,Synthetic Customer 01823,Consumer,Frankfurt,DE,2022-11-27
CUST-01824,Synthetic Customer 01824,Consumer,Stuttgart,DE,2022-10-22
CUST-01825,Synthetic Customer 01825,Small Business,Berlin,DE,2025-05-29
CUST-01826,Synthetic Customer 01826,Mid-Market,Munich,DE,2025-05-19
CUST-01827,Synthetic Customer 01827,Small Business,Hamburg,DE,2022-02-19
CUST-01828,Synthetic Customer 01828,Consumer,Cologne,DE,2022-03-24
CUST-01829,Synthetic Customer 01829,Consumer,Frankfurt,DE,2023-03-24
CUST-01830,Synthetic Customer 01830,Consumer,Stuttgart,DE,2023-07-02
CUST-01831,Synthetic Customer 01831,Consumer,Berlin,DE,2024-09-12
CUST-01832,Synthetic Customer 01832,Consumer,Berlin,DE,2022-04-05
CUST-01833,Synthetic Customer 01833,Consumer,Berlin,DE,2022-05-06
CUST-01834,Synthetic Customer 01834,Consumer,Hamburg,DE,2025-02-17
CUST-01835,Synthetic Customer 01835,Small Business,Berlin,DE,2023-09-05
CUST-01836,Synthetic Customer 01836,Consumer,Vienna,AT,2021-11-12
CUST-01837,Synthetic Customer 01837,Consumer,Munich,DE,2025-05-22
CUST-01838,Synthetic Customer 01838,Consumer,Berlin,DE,2024-03-05
CUST-01839,Synthetic Customer 01839,Consumer,Cologne,DE,2024-06-03
CUST-01840,Synthetic Customer 01840,Consumer,Berlin,DE,2022-06-25
CUST-01841,Synthetic Customer 01841,Consumer,Munich,DE,2022-11-13
CUST-01842,Synthetic Customer 01842,Consumer,Munich,DE,2021-12-11
CUST-01843,Synthetic Customer 01843,Consumer,Cologne,DE,2023-01-21
CUST-01844,Synthetic Customer 01844,Consumer,Paris,FR,2023-12-27
CUST-01845,Synthetic Customer 01845,Consumer,Frankfurt,DE,2022-06-19
CUST-01846,Synthetic Customer 01846,Consumer,Berlin,DE,2024-05-10
CUST-01847,Synthetic Customer 01847,Small Business,Paris,FR,2025-01-31
CUST-01848,Synthetic Customer 01848,Small Business,Berlin,DE,2022-11-25
CUST-01849,Synthetic Customer 01849,Consumer,Hamburg,DE,2022-02-14
CUST-01850,Synthetic Customer 01850,Consumer,Hamburg,DE,2024-04-03
CUST-01851,Synthetic Customer 01851,Consumer,Cologne,DE,2023-12-05
CUST-01852,Synthetic Customer 01852,Small Business,Düsseldorf,DE,2023-11-13
CUST-01853,Synthetic Customer 01853,Consumer,Frankfurt,DE,2021-11-02
CUST-01854,Synthetic Customer 01854,Consumer,Düsseldorf,DE,2024-07-17
CUST-01855,Synthetic Customer 01855,Consumer,Berlin,DE,2023-07-07
CUST-01856,Synthetic Customer 01856,Consumer,Hamburg,DE,2022-10-18
CUST-01857,Synthetic Customer 01857,Small Business,Hamburg,DE,2024-03-15
CUST-01858,Synthetic Customer 01858,Consumer,Hamburg,DE,2024-02-23
CUST-01859,Synthetic Customer 01859,Consumer,Cologne,DE,2023-09-08
CUST-01860,Synthetic Customer 01860,Consumer,Cologne,DE,2024-12-09
CUST-01861,Synthetic Customer 01861,Consumer,Cologne,DE,2023-02-25
CUST-01862,Synthetic Customer 01862,Consumer,Brussels,BE,2022-10-06
CUST-01863,Synthetic Customer 01863,Consumer,Paris,FR,2023-07-05
CUST-01864,Synthetic Customer 01864,Consumer,Cologne,DE,2024-05-21
CUST-01865,Synthetic Customer 01865,Consumer,Stuttgart,DE,2025-07-16
CUST-01866,Synthetic Customer 01866,Small Business,Frankfurt,DE,2023-10-31
CUST-01867,Synthetic Customer 01867,Consumer,Düsseldorf,DE,2024-01-05
CUST-01868,Synthetic Customer 01868,Consumer,Vienna,AT,2023-07-23
CUST-01869,Synthetic Customer 01869,Mid-Market,Cologne,DE,2023-07-08
CUST-01870,Synthetic Customer 01870,Small Business,Frankfurt,DE,2022-11-07
CUST-01871,Synthetic Customer 01871,Consumer,Munich,DE,2023-12-08
CUST-01872,Synthetic Customer 01872,Consumer,Hamburg,DE,2024-09-27
CUST-01873,Synthetic Customer 01873,Small Business,Frankfurt,DE,2024-12-31
CUST-01874,Synthetic Customer 01874,Mid-Market,Düsseldorf,DE,2023-12-12
CUST-01875,Synthetic Customer 01875,Consumer,Munich,DE,2024-11-14
CUST-01876,Synthetic Customer 01876,Consumer,Berlin,DE,2024-10-06
CUST-01877,Synthetic Customer 01877,Consumer,Prague,CZ,2022-05-16
CUST-01878,Synthetic Customer 01878,Small Business,Hamburg,DE,2024-08-31
CUST-01879,Synthetic Customer 01879,Consumer,Cologne,DE,2023-03-21
CUST-01880,Synthetic Customer 01880,Small Business,Berlin,DE,2022-03-26
CUST-01881,Synthetic Customer 01881,Small Business,Cologne,DE,2022-09-22
CUST-01882,Synthetic Customer 01882,Consumer,Hamburg,DE,2023-03-27
CUST-01883,Synthetic Customer 01883,Consumer,Cologne,DE,2023-08-15
CUST-01884,Synthetic Customer 01884,Mid-Market,Berlin,DE,2024-07-11
CUST-01885,Synthetic Customer 01885,Consumer,Stuttgart,DE,2023-04-22
CUST-01886,Synthetic Customer 01886,Consumer,Amsterdam,NL,2025-06-19
CUST-01887,Synthetic Customer 01887,Consumer,Paris,FR,2022-09-24
CUST-01888,Synthetic Customer 01888,Mid-Market,Düsseldorf,DE,2023-02-24
CUST-01889,Synthetic Customer 01889,Consumer,Cologne,DE,2022-11-24
CUST-01890,Synthetic Customer 01890,Consumer,Berlin,DE,2024-11-06
CUST-01891,Synthetic Customer 01891,Small Business,Düsseldorf,DE,2024-03-31
CUST-01892,Synthetic Customer 01892,Small Business,Prague,CZ,2024-09-01
CUST-01893,Synthetic Customer 01893,Consumer,Cologne,DE,2021-11-15
CUST-01894,Synthetic Customer 01894,Mid-Market,Düsseldorf,DE,2022-12-19
CUST-01895,Synthetic Customer 01895,Consumer,Munich,DE,2022-11-07
CUST-01896,Synthetic Customer 01896,Consumer,Leipzig,DE,2023-09-03
CUST-01897,Synthetic Customer 01897,Consumer,Berlin,DE,2022-04-16
CUST-01898,Synthetic Customer 01898,Consumer,Stuttgart,DE,2025-06-07
CUST-01899,Synthetic Customer 01899,Enterprise,Warsaw,PL,2025-06-08
CUST-01900,Synthetic Customer 01900,Enterprise,Munich,DE,2024-01-03
CUST-01901,Synthetic Customer 01901,Small Business,Frankfurt,DE,2022-10-01
CUST-01902,Synthetic Customer 01902,Consumer,Berlin,DE,2024-05-28
CUST-01903,Synthetic Customer 01903,Consumer,Munich,DE,2022-01-26
CUST-01904,Synthetic Customer 01904,Small Business,Vienna,AT,2022-11-05
CUST-01905,Synthetic Customer 01905,Consumer,Cologne,DE,2024-08-29
CUST-01906,Synthetic Customer 01906,Consumer,Leipzig,DE,2023-06-27
CUST-01907,Synthetic Customer 01907,Consumer,Frankfurt,DE,2025-02-11
CUST-01908,Synthetic Customer 01908,Consumer,Berlin,DE,2024-08-05
CUST-01909,Synthetic Customer 01909,Mid-Market,Munich,DE,2023-09-08
CUST-01910,Synthetic Customer 01910,Small Business,Hamburg,DE,2024-06-20
CUST-01911,Synthetic Customer 01911,Consumer,Warsaw,PL,2023-01-30
CUST-01912,Synthetic Customer 01912,Consumer,Munich,DE,2021-12-01
CUST-01913,Synthetic Customer 01913,Consumer,Frankfurt,DE,2023-08-13
CUST-01914,Synthetic Customer 01914,Consumer,Munich,DE,2024-07-29
CUST-01915,Synthetic Customer 01915,Consumer,Cologne,DE,2022-01-28
CUST-01916,Synthetic Customer 01916,Consumer,Berlin,DE,2025-01-02
CUST-01917,Synthetic Customer 01917,Small Business,Munich,DE,2021-11-24
CUST-01918,Synthetic Customer 01918,Small Business,Amsterdam,NL,2024-06-04
CUST-01919,Synthetic Customer 01919,Consumer,Leipzig,DE,2022-03-20
CUST-01920,Synthetic Customer 01920,Consumer,Berlin,DE,2023-01-09
CUST-01921,Synthetic Customer 01921,Consumer,Prague,CZ,2022-07-09
CUST-01922,Synthetic Customer 01922,Consumer,Berlin,DE,2025-01-22
CUST-01923,Synthetic Customer 01923,Mid-Market,Berlin,DE,2024-07-25
CUST-01924,Synthetic Customer 01924,Consumer,Paris,FR,2024-09-06
CUST-01925,Synthetic Customer 01925,Small Business,Cologne,DE,2024-01-15
CUST-01926,Synthetic Customer 01926,Consumer,Hamburg,DE,2022-11-19
CUST-01927,Synthetic Customer 01927,Small Business,Berlin,DE,2024-10-11
CUST-01928,Synthetic Customer 01928,Mid-Market,Vienna,AT,2024-06-05
CUST-01929,Synthetic Customer 01929,Small Business,Stuttgart,DE,2023-07-22
CUST-01930,Synthetic Customer 01930,Consumer,Düsseldorf,DE,2022-05-05
CUST-01931,Synthetic Customer 01931,Consumer,Frankfurt,DE,2024-04-28
CUST-01932,Synthetic Customer 01932,Consumer,Warsaw,PL,2023-12-16
CUST-01933,Synthetic Customer 01933,Consumer,Berlin,DE,2021-11-08
CUST-01934,Synthetic Customer 01934,Consumer,Leipzig,DE,2022-09-18
CUST-01935,Synthetic Customer 01935,Consumer,Berlin,DE,2023-12-29
CUST-01936,Synthetic Customer 01936,Consumer,Stuttgart,DE,2023-10-17
CUST-01937,Synthetic Customer 01937,Consumer,Munich,DE,2022-06-08
CUST-01938,Synthetic Customer 01938,Consumer,Düsseldorf,DE,2021-12-23
CUST-01939,Synthetic Customer 01939,Consumer,Leipzig,DE,2024-12-13
CUST-01940,Synthetic Customer 01940,Consumer,Amsterdam,NL,2023-12-09
CUST-01941,Synthetic Customer 01941,Small Business,Munich,DE,2023-03-11
CUST-01942,Synthetic Customer 01942,Consumer,Munich,DE,2024-08-25
CUST-01943,Synthetic Customer 01943,Consumer,Stuttgart,DE,2022-07-31
CUST-01944,Synthetic Customer 01944,Consumer,Munich,DE,2021-11-05
CUST-01945,Synthetic Customer 01945,Consumer,Stuttgart,DE,2024-08-21
CUST-01946,Synthetic Customer 01946,Consumer,Stuttgart,DE,2022-09-24
CUST-01947,Synthetic Customer 01947,Consumer,Munich,DE,2022-09-17
CUST-01948,Synthetic Customer 01948,Consumer,Amsterdam,NL,2023-10-14
CUST-01949,Synthetic Customer 01949,Consumer,Düsseldorf,DE,2023-07-11
CUST-01950,Synthetic Customer 01950,Small Business,Stuttgart,DE,2022-12-14
CUST-01951,Synthetic Customer 01951,Consumer,Paris,FR,2023-12-14
CUST-01952,Synthetic Customer 01952,Small Business,Frankfurt,DE,2025-07-01
CUST-01953,Synthetic Customer 01953,Consumer,Berlin,DE,2023-07-08
CUST-01954,Synthetic Customer 01954,Consumer,Amsterdam,NL,2023-08-27
CUST-01955,Synthetic Customer 01955,Small Business,Paris,FR,2021-09-24
CUST-01956,Synthetic Customer 01956,Small Business,Hamburg,DE,2023-04-30
CUST-01957,Synthetic Customer 01957,Consumer,Prague,CZ,2021-09-26
CUST-01958,Synthetic Customer 01958,Consumer,Munich,DE,2024-11-23
CUST-01959,Synthetic Customer 01959,Consumer,Hamburg,DE,2022-12-22
CUST-01960,Synthetic Customer 01960,Consumer,Vienna,AT,2022-03-30
CUST-01961,Synthetic Customer 01961,Consumer,Berlin,DE,2023-03-21
CUST-01962,Synthetic Customer 01962,Consumer,Paris,FR,2023-04-05
CUST-01963,Synthetic Customer 01963,Small Business,Frankfurt,DE,2023-11-27
CUST-01964,Synthetic Customer 01964,Consumer,Berlin,DE,2021-11-03
CUST-01965,Synthetic Customer 01965,Consumer,Munich,DE,2024-11-01
CUST-01966,Synthetic Customer 01966,Small Business,Amsterdam,NL,2024-05-21
CUST-01967,Synthetic Customer 01967,Consumer,Stuttgart,DE,2022-09-27
CUST-01968,Synthetic Customer 01968,Small Business,Munich,DE,2023-11-16
CUST-01969,Synthetic Customer 01969,Consumer,Frankfurt,DE,2023-10-21
CUST-01970,Synthetic Customer 01970,Consumer,Vienna,AT,2024-12-24
CUST-01971,Synthetic Customer 01971,Consumer,Leipzig,DE,2023-09-29
CUST-01972,Synthetic Customer 01972,Consumer,Munich,DE,2025-04-04
CUST-01973,Synthetic Customer 01973,Small Business,Cologne,DE,2024-04-29
CUST-01974,Synthetic Customer 01974,Consumer,Cologne,DE,2024-02-17
CUST-01975,Synthetic Customer 01975,Small Business,Cologne,DE,2025-06-03
CUST-01976,Synthetic Customer 01976,Small Business,Berlin,DE,2022-08-29
CUST-01977,Synthetic Customer 01977,Mid-Market,Paris,FR,2025-01-05
CUST-01978,Synthetic Customer 01978,Consumer,Paris,FR,2025-04-02
CUST-01979,Synthetic Customer 01979,Consumer,Leipzig,DE,2021-11-14
CUST-01980,Synthetic Customer 01980,Consumer,Berlin,DE,2023-11-20
CUST-01981,Synthetic Customer 01981,Consumer,Hamburg,DE,2022-07-29
CUST-01982,Synthetic Customer 01982,Enterprise,Brussels,BE,2022-08-24
CUST-01983,Synthetic Customer 01983,Consumer,Munich,DE,2022-04-02
CUST-01984,Synthetic Customer 01984,Small Business,Paris,FR,2024-12-12
CUST-01985,Synthetic Customer 01985,Consumer,Munich,DE,2023-09-15
CUST-01986,Synthetic Customer 01986,Consumer,Berlin,DE,2022-02-04
CUST-01987,Synthetic Customer 01987,Mid-Market,Frankfurt,DE,2024-08-07
CUST-01988,Synthetic Customer 01988,Consumer,Stuttgart,DE,2023-05-27
CUST-01989,Synthetic Customer 01989,Consumer,Berlin,DE,2024-06-09
CUST-01990,Synthetic Customer 01990,Small Business,Hamburg,DE,2024-04-07
CUST-01991,Synthetic Customer 01991,Mid-Market,Berlin,DE,2023-03-12
CUST-01992,Synthetic Customer 01992,Mid-Market,Leipzig,DE,2024-04-15
CUST-01993,Synthetic Customer 01993,Consumer,Stuttgart,DE,2023-07-28
CUST-01994,Synthetic Customer 01994,Enterprise,Hamburg,DE,2022-11-20
CUST-01995,Synthetic Customer 01995,Enterprise,Stuttgart,DE,2023-10-13
CUST-01996,Synthetic Customer 01996,Consumer,Warsaw,PL,2024-09-01
CUST-01997,Synthetic Customer 01997,Consumer,Brussels,BE,2023-05-25
CUST-01998,Synthetic Customer 01998,Consumer,Hamburg,DE,2024-01-07
CUST-01999,Synthetic Customer 01999,Mid-Market,Berlin,DE,2023-06-21
CUST-02000,Synthetic Customer 02000,Consumer,Warsaw,PL,2024-02-20
CUST-02001,Synthetic Customer 02001,Consumer,Cologne,DE,2022-03-14
CUST-02002,Synthetic Customer 02002,Consumer,Munich,DE,2021-12-06
CUST-02003,Synthetic Customer 02003,Consumer,Düsseldorf,DE,2024-05-10
CUST-02004,Synthetic Customer 02004,Consumer,Frankfurt,DE,2022-01-10
CUST-02005,Synthetic Customer 02005,Consumer,Munich,DE,2024-09-11
CUST-02006,Synthetic Customer 02006,Consumer,Berlin,DE,2023-01-24
CUST-02007,Synthetic Customer 02007,Small Business,Stuttgart,DE,2024-04-05
CUST-02008,Synthetic Customer 02008,Consumer,Stuttgart,DE,2025-01-08
CUST-02009,Synthetic Customer 02009,Consumer,Munich,DE,2022-07-11
CUST-02010,Synthetic Customer 02010,Consumer,Hamburg,DE,2022-03-10
CUST-02011,Synthetic Customer 02011,Small Business,Düsseldorf,DE,2023-10-27
CUST-02012,Synthetic Customer 02012,Consumer,Berlin,DE,2023-10-06
CUST-02013,Synthetic Customer 02013,Consumer,Brussels,BE,2022-06-15
CUST-02014,Synthetic Customer 02014,Consumer,Düsseldorf,DE,2021-12-01
CUST-02015,Synthetic Customer 02015,Consumer,Cologne,DE,2023-05-10
CUST-02016,Synthetic Customer 02016,Consumer,Paris,FR,2022-08-17
CUST-02017,Synthetic Customer 02017,Small Business,Warsaw,PL,2022-11-01
CUST-02018,Synthetic Customer 02018,Consumer,Hamburg,DE,2022-08-19
CUST-02019,Synthetic Customer 02019,Consumer,Düsseldorf,DE,2022-11-20
CUST-02020,Synthetic Customer 02020,Consumer,Warsaw,PL,2025-01-04
CUST-02021,Synthetic Customer 02021,Consumer,Cologne,DE,2025-01-04
CUST-02022,Synthetic Customer 02022,Consumer,Berlin,DE,2024-02-15
CUST-02023,Synthetic Customer 02023,Small Business,Frankfurt,DE,2025-01-29
CUST-02024,Synthetic Customer 02024,Mid-Market,Amsterdam,NL,2022-02-22
CUST-02025,Synthetic Customer 02025,Small Business,Frankfurt,DE,2024-04-25
CUST-02026,Synthetic Customer 02026,Consumer,Berlin,DE,2022-09-09
CUST-02027,Synthetic Customer 02027,Consumer,Berlin,DE,2023-07-28
CUST-02028,Synthetic Customer 02028,Consumer,Stuttgart,DE,2021-12-09
CUST-02029,Synthetic Customer 02029,Consumer,Berlin,DE,2025-02-21
CUST-02030,Synthetic Customer 02030,Mid-Market,Vienna,AT,2023-06-03
CUST-02031,Synthetic Customer 02031,Small Business,Prague,CZ,2025-07-02
CUST-02032,Synthetic Customer 02032,Small Business,Düsseldorf,DE,2024-10-14
CUST-02033,Synthetic Customer 02033,Consumer,Düsseldorf,DE,2025-06-01
CUST-02034,Synthetic Customer 02034,Mid-Market,Düsseldorf,DE,2025-06-26
CUST-02035,Synthetic Customer 02035,Consumer,Hamburg,DE,2024-01-26
CUST-02036,Synthetic Customer 02036,Consumer,Munich,DE,2022-08-16
CUST-02037,Synthetic Customer 02037,Consumer,Berlin,DE,2023-06-12
CUST-02038,Synthetic Customer 02038,Consumer,Stuttgart,DE,2024-05-02
CUST-02039,Synthetic Customer 02039,Consumer,Amsterdam,NL,2023-12-02
CUST-02040,Synthetic Customer 02040,Consumer,Paris,FR,2023-07-13
CUST-02041,Synthetic Customer 02041,Small Business,Prague,CZ,2022-04-16
CUST-02042,Synthetic Customer 02042,Consumer,Berlin,DE,2024-02-19
CUST-02043,Synthetic Customer 02043,Consumer,Warsaw,PL,2023-09-12
CUST-02044,Synthetic Customer 02044,Enterprise,Düsseldorf,DE,2024-08-15
CUST-02045,Synthetic Customer 02045,Consumer,Frankfurt,DE,2021-11-20
CUST-02046,Synthetic Customer 02046,Consumer,Amsterdam,NL,2024-06-25
CUST-02047,Synthetic Customer 02047,Consumer,Hamburg,DE,2024-01-24
CUST-02048,Synthetic Customer 02048,Consumer,Cologne,DE,2021-10-27
CUST-02049,Synthetic Customer 02049,Consumer,Hamburg,DE,2024-04-23
CUST-02050,Synthetic Customer 02050,Consumer,Vienna,AT,2023-01-26
CUST-02051,Synthetic Customer 02051,Small Business,Prague,CZ,2025-03-23
CUST-02052,Synthetic Customer 02052,Small Business,Warsaw,PL,2025-02-08
CUST-02053,Synthetic Customer 02053,Consumer,Paris,FR,2025-04-20
CUST-02054,Synthetic Customer 02054,Consumer,Berlin,DE,2025-07-24
CUST-02055,Synthetic Customer 02055,Consumer,Berlin,DE,2021-11-11
CUST-02056,Synthetic Customer 02056,Consumer,Warsaw,PL,2021-12-22
CUST-02057,Synthetic Customer 02057,Consumer,Stuttgart,DE,2022-06-18
CUST-02058,Synthetic Customer 02058,Consumer,Düsseldorf,DE,2022-07-22
CUST-02059,Synthetic Customer 02059,Consumer,Munich,DE,2023-01-09
CUST-02060,Synthetic Customer 02060,Mid-Market,Hamburg,DE,2023-10-08
CUST-02061,Synthetic Customer 02061,Consumer,Frankfurt,DE,2022-07-25
CUST-02062,Synthetic Customer 02062,Consumer,Munich,DE,2023-08-03
CUST-02063,Synthetic Customer 02063,Consumer,Stuttgart,DE,2024-09-30
CUST-02064,Synthetic Customer 02064,Mid-Market,Düsseldorf,DE,2024-12-31
CUST-02065,Synthetic Customer 02065,Consumer,Munich,DE,2024-11-05
CUST-02066,Synthetic Customer 02066,Small Business,Frankfurt,DE,2024-12-30
CUST-02067,Synthetic Customer 02067,Small Business,Brussels,BE,2022-01-30
CUST-02068,Synthetic Customer 02068,Consumer,Leipzig,DE,2024-02-25
CUST-02069,Synthetic Customer 02069,Consumer,Munich,DE,2024-09-15
CUST-02070,Synthetic Customer 02070,Mid-Market,Berlin,DE,2023-08-07
CUST-02071,Synthetic Customer 02071,Consumer,Hamburg,DE,2022-12-28
CUST-02072,Synthetic Customer 02072,Consumer,Brussels,BE,2024-02-25
CUST-02073,Synthetic Customer 02073,Consumer,Berlin,DE,2025-02-01
CUST-02074,Synthetic Customer 02074,Consumer,Hamburg,DE,2023-04-03
CUST-02075,Synthetic Customer 02075,Small Business,Hamburg,DE,2024-08-20
CUST-02076,Synthetic Customer 02076,Consumer,Berlin,DE,2022-04-01
CUST-02077,Synthetic Customer 02077,Small Business,Berlin,DE,2023-06-30
CUST-02078,Synthetic Customer 02078,Consumer,Berlin,DE,2025-06-06
CUST-02079,Synthetic Customer 02079,Consumer,Cologne,DE,2022-09-23
CUST-02080,Synthetic Customer 02080,Consumer,Prague,CZ,2025-06-21
CUST-02081,Synthetic Customer 02081,Consumer,Cologne,DE,2022-02-10
CUST-02082,Synthetic Customer 02082,Consumer,Düsseldorf,DE,2025-04-13
CUST-02083,Synthetic Customer 02083,Mid-Market,Leipzig,DE,2024-11-19
CUST-02084,Synthetic Customer 02084,Consumer,Düsseldorf,DE,2025-05-29
CUST-02085,Synthetic Customer 02085,Consumer,Düsseldorf,DE,2024-04-02
CUST-02086,Synthetic Customer 02086,Small Business,Frankfurt,DE,2022-02-05
CUST-02087,Synthetic Customer 02087,Consumer,Prague,CZ,2022-02-19
CUST-02088,Synthetic Customer 02088,Consumer,Munich,DE,2021-12-10
CUST-02089,Synthetic Customer 02089,Consumer,Munich,DE,2025-04-01
CUST-02090,Synthetic Customer 02090,Consumer,Berlin,DE,2024-05-06
CUST-02091,Synthetic Customer 02091,Small Business,Prague,CZ,2023-03-31
CUST-02092,Synthetic Customer 02092,Consumer,Frankfurt,DE,2022-01-19
CUST-02093,Synthetic Customer 02093,Consumer,Hamburg,DE,2023-07-09
CUST-02094,Synthetic Customer 02094,Consumer,Stuttgart,DE,2023-11-18
CUST-02095,Synthetic Customer 02095,Consumer,Berlin,DE,2024-02-04
CUST-02096,Synthetic Customer 02096,Consumer,Leipzig,DE,2022-01-31
CUST-02097,Synthetic Customer 02097,Consumer,Amsterdam,NL,2022-02-14
CUST-02098,Synthetic Customer 02098,Consumer,Vienna,AT,2024-12-10
CUST-02099,Synthetic Customer 02099,Consumer,Düsseldorf,DE,2024-02-12
CUST-02100,Synthetic Customer 02100,Consumer,Düsseldorf,DE,2023-06-22
CUST-02101,Synthetic Customer 02101,Small Business,Munich,DE,2025-06-06
CUST-02102,Synthetic Customer 02102,Small Business,Brussels,BE,2023-01-09
CUST-02103,Synthetic Customer 02103,Small Business,Stuttgart,DE,2025-06-20
CUST-02104,Synthetic Customer 02104,Small Business,Vienna,AT,2022-08-09
CUST-02105,Synthetic Customer 02105,Consumer,Berlin,DE,2023-11-26
CUST-02106,Synthetic Customer 02106,Consumer,Brussels,BE,2023-05-05
CUST-02107,Synthetic Customer 02107,Consumer,Düsseldorf,DE,2023-06-27
CUST-02108,Synthetic Customer 02108,Small Business,Berlin,DE,2025-01-22
CUST-02109,Synthetic Customer 02109,Consumer,Munich,DE,2024-02-19
CUST-02110,Synthetic Customer 02110,Consumer,Berlin,DE,2022-10-07
CUST-02111,Synthetic Customer 02111,Mid-Market,Berlin,DE,2024-08-26
CUST-02112,Synthetic Customer 02112,Consumer,Frankfurt,DE,2024-05-20
CUST-02113,Synthetic Customer 02113,Consumer,Düsseldorf,DE,2021-12-05
CUST-02114,Synthetic Customer 02114,Consumer,Hamburg,DE,2021-12-31
CUST-02115,Synthetic Customer 02115,Small Business,Cologne,DE,2025-05-26
CUST-02116,Synthetic Customer 02116,Consumer,Leipzig,DE,2022-10-26
CUST-02117,Synthetic Customer 02117,Small Business,Munich,DE,2024-10-11
CUST-02118,Synthetic Customer 02118,Consumer,Frankfurt,DE,2023-02-25
CUST-02119,Synthetic Customer 02119,Small Business,Leipzig,DE,2024-06-21
CUST-02120,Synthetic Customer 02120,Consumer,Brussels,BE,2025-03-20
CUST-02121,Synthetic Customer 02121,Small Business,Hamburg,DE,2021-12-31
CUST-02122,Synthetic Customer 02122,Consumer,Cologne,DE,2024-02-26
CUST-02123,Synthetic Customer 02123,Consumer,Hamburg,DE,2025-06-07
CUST-02124,Synthetic Customer 02124,Small Business,Hamburg,DE,2025-03-23
CUST-02125,Synthetic Customer 02125,Consumer,Stuttgart,DE,2024-05-01
CUST-02126,Synthetic Customer 02126,Consumer,Stuttgart,DE,2021-11-29
CUST-02127,Synthetic Customer 02127,Enterprise,Berlin,DE,2022-10-22
CUST-02128,Synthetic Customer 02128,Consumer,Stuttgart,DE,2023-03-29
CUST-02129,Synthetic Customer 02129,Small Business,Berlin,DE,2024-10-18
CUST-02130,Synthetic Customer 02130,Small Business,Leipzig,DE,2022-05-21
CUST-02131,Synthetic Customer 02131,Small Business,Hamburg,DE,2022-08-02
CUST-02132,Synthetic Customer 02132,Consumer,Amsterdam,NL,2022-01-03
CUST-02133,Synthetic Customer 02133,Consumer,Munich,DE,2021-09-26
CUST-02134,Synthetic Customer 02134,Consumer,Düsseldorf,DE,2023-09-29
CUST-02135,Synthetic Customer 02135,Consumer,Cologne,DE,2023-09-05
CUST-02136,Synthetic Customer 02136,Consumer,Paris,FR,2025-06-24
CUST-02137,Synthetic Customer 02137,Consumer,Leipzig,DE,2023-11-20
CUST-02138,Synthetic Customer 02138,Consumer,Munich,DE,2023-09-26
CUST-02139,Synthetic Customer 02139,Small Business,Berlin,DE,2023-01-30
CUST-02140,Synthetic Customer 02140,Consumer,Cologne,DE,2025-03-17
CUST-02141,Synthetic Customer 02141,Consumer,Düsseldorf,DE,2024-12-17
CUST-02142,Synthetic Customer 02142,Small Business,Munich,DE,2024-01-04
CUST-02143,Synthetic Customer 02143,Consumer,Düsseldorf,DE,2021-10-07
CUST-02144,Synthetic Customer 02144,Enterprise,Berlin,DE,2024-03-24
CUST-02145,Synthetic Customer 02145,Small Business,Düsseldorf,DE,2023-06-28
CUST-02146,Synthetic Customer 02146,Mid-Market,Vienna,AT,2024-03-08
CUST-02147,Synthetic Customer 02147,Consumer,Frankfurt,DE,2024-03-05
CUST-02148,Synthetic Customer 02148,Enterprise,Munich,DE,2023-04-17
CUST-02149,Synthetic Customer 02149,Small Business,Berlin,DE,2025-02-10
CUST-02150,Synthetic Customer 02150,Mid-Market,Cologne,DE,2022-03-17
CUST-02151,Synthetic Customer 02151,Consumer,Vienna,AT,2024-02-08
CUST-02152,Synthetic Customer 02152,Consumer,Stuttgart,DE,2024-06-07
CUST-02153,Synthetic Customer 02153,Consumer,Brussels,BE,2023-11-15
CUST-02154,Synthetic Customer 02154,Small Business,Munich,DE,2023-09-06
CUST-02155,Synthetic Customer 02155,Consumer,Munich,DE,2023-09-13
CUST-02156,Synthetic Customer 02156,Consumer,Munich,DE,2023-10-31
CUST-02157,Synthetic Customer 02157,Consumer,Cologne,DE,2022-10-05
CUST-02158,Synthetic Customer 02158,Consumer,Munich,DE,2023-01-03
CUST-02159,Synthetic Customer 02159,Consumer,Brussels,BE,2021-12-16
CUST-02160,Synthetic Customer 02160,Consumer,Amsterdam,NL,2022-09-03
CUST-02161,Synthetic Customer 02161,Consumer,Düsseldorf,DE,2022-08-19
CUST-02162,Synthetic Customer 02162,Consumer,Frankfurt,DE,2023-07-02
CUST-02163,Synthetic Customer 02163,Consumer,Frankfurt,DE,2024-01-08
CUST-02164,Synthetic Customer 02164,Consumer,Munich,DE,2024-03-29
CUST-02165,Synthetic Customer 02165,Consumer,Warsaw,PL,2022-01-09
CUST-02166,Synthetic Customer 02166,Consumer,Munich,DE,2022-12-23
CUST-02167,Synthetic Customer 02167,Consumer,Leipzig,DE,2023-06-07
CUST-02168,Synthetic Customer 02168,Small Business,Prague,CZ,2023-04-01
CUST-02169,Synthetic Customer 02169,Consumer,Frankfurt,DE,2025-07-20
CUST-02170,Synthetic Customer 02170,Consumer,Stuttgart,DE,2022-02-26
CUST-02171,Synthetic Customer 02171,Consumer,Hamburg,DE,2021-10-05
CUST-02172,Synthetic Customer 02172,Mid-Market,Hamburg,DE,2023-04-23
CUST-02173,Synthetic Customer 02173,Consumer,Hamburg,DE,2025-06-08
CUST-02174,Synthetic Customer 02174,Consumer,Cologne,DE,2023-08-24
CUST-02175,Synthetic Customer 02175,Consumer,Brussels,BE,2024-01-12
CUST-02176,Synthetic Customer 02176,Consumer,Berlin,DE,2022-09-24
CUST-02177,Synthetic Customer 02177,Mid-Market,Cologne,DE,2022-07-13
CUST-02178,Synthetic Customer 02178,Consumer,Warsaw,PL,2023-11-07
CUST-02179,Synthetic Customer 02179,Small Business,Berlin,DE,2021-11-02
CUST-02180,Synthetic Customer 02180,Consumer,Cologne,DE,2023-05-08
CUST-02181,Synthetic Customer 02181,Consumer,Cologne,DE,2024-07-07
CUST-02182,Synthetic Customer 02182,Consumer,Berlin,DE,2022-06-16
CUST-02183,Synthetic Customer 02183,Small Business,Berlin,DE,2023-01-12
CUST-02184,Synthetic Customer 02184,Consumer,Düsseldorf,DE,2023-07-06
CUST-02185,Synthetic Customer 02185,Consumer,Warsaw,PL,2024-07-13
CUST-02186,Synthetic Customer 02186,Consumer,Berlin,DE,2021-12-28
CUST-02187,Synthetic Customer 02187,Mid-Market,Hamburg,DE,2024-02-20
CUST-02188,Synthetic Customer 02188,Mid-Market,Munich,DE,2023-07-25
CUST-02189,Synthetic Customer 02189,Consumer,Hamburg,DE,2021-10-12
CUST-02190,Synthetic Customer 02190,Consumer,Brussels,BE,2024-04-22
CUST-02191,Synthetic Customer 02191,Small Business,Hamburg,DE,2024-02-25
CUST-02192,Synthetic Customer 02192,Consumer,Stuttgart,DE,2023-04-04
CUST-02193,Synthetic Customer 02193,Consumer,Cologne,DE,2023-10-31
CUST-02194,Synthetic Customer 02194,Small Business,Berlin,DE,2024-11-20
CUST-02195,Synthetic Customer 02195,Consumer,Cologne,DE,2022-12-04
CUST-02196,Synthetic Customer 02196,Consumer,Prague,CZ,2022-09-25
CUST-02197,Synthetic Customer 02197,Consumer,Cologne,DE,2022-01-27
CUST-02198,Synthetic Customer 02198,Small Business,Warsaw,PL,2022-05-08
CUST-02199,Synthetic Customer 02199,Mid-Market,Düsseldorf,DE,2021-10-16
CUST-02200,Synthetic Customer 02200,Consumer,Stuttgart,DE,2022-04-11
CUST-02201,Synthetic Customer 02201,Consumer,Berlin,DE,2023-11-26
CUST-02202,Synthetic Customer 02202,Consumer,Cologne,DE,2022-03-19
CUST-02203,Synthetic Customer 02203,Small Business,Hamburg,DE,2022-08-24
CUST-02204,Synthetic Customer 02204,Small Business,Cologne,DE,2024-01-17
CUST-02205,Synthetic Customer 02205,Consumer,Brussels,BE,2024-07-24
CUST-02206,Synthetic Customer 02206,Consumer,Amsterdam,NL,2021-10-12
CUST-02207,Synthetic Customer 02207,Consumer,Cologne,DE,2022-04-03
CUST-02208,Synthetic Customer 02208,Consumer,Frankfurt,DE,2023-08-29
CUST-02209,Synthetic Customer 02209,Consumer,Berlin,DE,2024-02-05
CUST-02210,Synthetic Customer 02210,Consumer,Brussels,BE,2023-12-05
CUST-02211,Synthetic Customer 02211,Small Business,Düsseldorf,DE,2023-02-26
CUST-02212,Synthetic Customer 02212,Mid-Market,Berlin,DE,2022-05-20
CUST-02213,Synthetic Customer 02213,Small Business,Berlin,DE,2022-02-22
CUST-02214,Synthetic Customer 02214,Consumer,Prague,CZ,2025-02-26
CUST-02215,Synthetic Customer 02215,Consumer,Warsaw,PL,2022-10-02
CUST-02216,Synthetic Customer 02216,Consumer,Paris,FR,2023-04-06
CUST-02217,Synthetic Customer 02217,Consumer,Cologne,DE,2023-06-22
CUST-02218,Synthetic Customer 02218,Small Business,Berlin,DE,2023-09-01
CUST-02219,Synthetic Customer 02219,Small Business,Stuttgart,DE,2023-12-04
CUST-02220,Synthetic Customer 02220,Small Business,Berlin,DE,2025-06-23
CUST-02221,Synthetic Customer 02221,Consumer,Leipzig,DE,2025-04-19
CUST-02222,Synthetic Customer 02222,Mid-Market,Paris,FR,2022-06-11
CUST-02223,Synthetic Customer 02223,Consumer,Hamburg,DE,2021-10-21
CUST-02224,Synthetic Customer 02224,Small Business,Berlin,DE,2023-07-16
CUST-02225,Synthetic Customer 02225,Consumer,Stuttgart,DE,2022-11-18
CUST-02226,Synthetic Customer 02226,Consumer,Vienna,AT,2022-05-01
CUST-02227,Synthetic Customer 02227,Small Business,Frankfurt,DE,2024-11-26
CUST-02228,Synthetic Customer 02228,Consumer,Cologne,DE,2024-01-04
CUST-02229,Synthetic Customer 02229,Consumer,Berlin,DE,2024-11-12
CUST-02230,Synthetic Customer 02230,Consumer,Cologne,DE,2022-01-31
CUST-02231,Synthetic Customer 02231,Small Business,Cologne,DE,2025-05-15
CUST-02232,Synthetic Customer 02232,Small Business,Leipzig,DE,2024-09-28
CUST-02233,Synthetic Customer 02233,Enterprise,Berlin,DE,2023-03-15
CUST-02234,Synthetic Customer 02234,Consumer,Berlin,DE,2023-11-25
CUST-02235,Synthetic Customer 02235,Consumer,Munich,DE,2024-03-08
CUST-02236,Synthetic Customer 02236,Consumer,Frankfurt,DE,2022-09-06
CUST-02237,Synthetic Customer 02237,Enterprise,Amsterdam,NL,2023-03-08
CUST-02238,Synthetic Customer 02238,Consumer,Frankfurt,DE,2023-04-30
CUST-02239,Synthetic Customer 02239,Consumer,Hamburg,DE,2023-02-13
CUST-02240,Synthetic Customer 02240,Small Business,Stuttgart,DE,2023-05-23
CUST-02241,Synthetic Customer 02241,Consumer,Munich,DE,2022-11-19
CUST-02242,Synthetic Customer 02242,Consumer,Leipzig,DE,2024-10-24
CUST-02243,Synthetic Customer 02243,Small Business,Warsaw,PL,2021-12-17
CUST-02244,Synthetic Customer 02244,Small Business,Vienna,AT,2023-01-30
CUST-02245,Synthetic Customer 02245,Small Business,Hamburg,DE,2024-07-14
CUST-02246,Synthetic Customer 02246,Consumer,Frankfurt,DE,2025-04-29
CUST-02247,Synthetic Customer 02247,Consumer,Berlin,DE,2024-08-13
CUST-02248,Synthetic Customer 02248,Mid-Market,Munich,DE,2022-11-29
CUST-02249,Synthetic Customer 02249,Enterprise,Cologne,DE,2022-04-09
CUST-02250,Synthetic Customer 02250,Consumer,Frankfurt,DE,2021-12-13
CUST-02251,Synthetic Customer 02251,Consumer,Amsterdam,NL,2023-07-23
CUST-02252,Synthetic Customer 02252,Small Business,Frankfurt,DE,2024-08-20
CUST-02253,Synthetic Customer 02253,Consumer,Cologne,DE,2024-09-24
CUST-02254,Synthetic Customer 02254,Consumer,Munich,DE,2023-12-01
CUST-02255,Synthetic Customer 02255,Consumer,Vienna,AT,2022-04-01
CUST-02256,Synthetic Customer 02256,Small Business,Vienna,AT,2023-08-31
CUST-02257,Synthetic Customer 02257,Consumer,Düsseldorf,DE,2022-12-31
CUST-02258,Synthetic Customer 02258,Consumer,Munich,DE,2024-11-24
CUST-02259,Synthetic Customer 02259,Consumer,Düsseldorf,DE,2023-11-24
CUST-02260,Synthetic Customer 02260,Mid-Market,Munich,DE,2022-01-13
CUST-02261,Synthetic Customer 02261,Consumer,Frankfurt,DE,2024-09-11
CUST-02262,Synthetic Customer 02262,Enterprise,Leipzig,DE,2023-07-19
CUST-02263,Synthetic Customer 02263,Consumer,Paris,FR,2025-03-11
CUST-02264,Synthetic Customer 02264,Consumer,Vienna,AT,2021-09-15
CUST-02265,Synthetic Customer 02265,Consumer,Frankfurt,DE,2022-07-27
CUST-02266,Synthetic Customer 02266,Consumer,Hamburg,DE,2024-03-04
CUST-02267,Synthetic Customer 02267,Mid-Market,Berlin,DE,2024-12-30
CUST-02268,Synthetic Customer 02268,Consumer,Cologne,DE,2021-10-03
CUST-02269,Synthetic Customer 02269,Consumer,Amsterdam,NL,2022-05-22
CUST-02270,Synthetic Customer 02270,Consumer,Leipzig,DE,2023-12-30
CUST-02271,Synthetic Customer 02271,Small Business,Cologne,DE,2024-12-27
CUST-02272,Synthetic Customer 02272,Mid-Market,Frankfurt,DE,2023-10-13
CUST-02273,Synthetic Customer 02273,Consumer,Cologne,DE,2023-03-19
CUST-02274,Synthetic Customer 02274,Small Business,Frankfurt,DE,2024-10-01
CUST-02275,Synthetic Customer 02275,Mid-Market,Berlin,DE,2024-09-01
CUST-02276,Synthetic Customer 02276,Mid-Market,Stuttgart,DE,2022-03-22
CUST-02277,Synthetic Customer 02277,Consumer,Stuttgart,DE,2024-10-09
CUST-02278,Synthetic Customer 02278,Consumer,Munich,DE,2021-10-05
CUST-02279,Synthetic Customer 02279,Small Business,Berlin,DE,2024-05-15
CUST-02280,Synthetic Customer 02280,Consumer,Berlin,DE,2023-12-08
CUST-02281,Synthetic Customer 02281,Mid-Market,Munich,DE,2023-05-22
CUST-02282,Synthetic Customer 02282,Consumer,Düsseldorf,DE,2023-08-25
CUST-02283,Synthetic Customer 02283,Consumer,Hamburg,DE,2023-09-19
CUST-02284,Synthetic Customer 02284,Small Business,Frankfurt,DE,2024-10-15
CUST-02285,Synthetic Customer 02285,Small Business,Warsaw,PL,2022-08-12
CUST-02286,Synthetic Customer 02286,Consumer,Cologne,DE,2022-06-25
CUST-02287,Synthetic Customer 02287,Small Business,Frankfurt,DE,2024-12-06
CUST-02288,Synthetic Customer 02288,Small Business,Hamburg,DE,2024-09-15
CUST-02289,Synthetic Customer 02289,Consumer,Paris,FR,2021-12-16
CUST-02290,Synthetic Customer 02290,Consumer,Frankfurt,DE,2024-10-26
CUST-02291,Synthetic Customer 02291,Consumer,Berlin,DE,2024-09-08
CUST-02292,Synthetic Customer 02292,Consumer,Munich,DE,2024-09-27
CUST-02293,Synthetic Customer 02293,Small Business,Munich,DE,2023-06-03
CUST-02294,Synthetic Customer 02294,Small Business,Munich,DE,2023-11-18
CUST-02295,Synthetic Customer 02295,Mid-Market,Berlin,DE,2023-01-15
CUST-02296,Synthetic Customer 02296,Small Business,Leipzig,DE,2022-12-01
CUST-02297,Synthetic Customer 02297,Enterprise,Stuttgart,DE,2023-03-23
CUST-02298,Synthetic Customer 02298,Consumer,Amsterdam,NL,2022-05-15
CUST-02299,Synthetic Customer 02299,Consumer,Munich,DE,2022-11-28
CUST-02300,Synthetic Customer 02300,Mid-Market,Warsaw,PL,2022-09-02
CUST-02301,Synthetic Customer 02301,Consumer,Leipzig,DE,2024-08-29
CUST-02302,Synthetic Customer 02302,Small Business,Berlin,DE,2024-12-13
CUST-02303,Synthetic Customer 02303,Consumer,Stuttgart,DE,2024-08-11
CUST-02304,Synthetic Customer 02304,Consumer,Warsaw,PL,2022-10-03
CUST-02305,Synthetic Customer 02305,Enterprise,Stuttgart,DE,2023-02-10
CUST-02306,Synthetic Customer 02306,Small Business,Vienna,AT,2024-12-07
CUST-02307,Synthetic Customer 02307,Consumer,Hamburg,DE,2023-08-10
CUST-02308,Synthetic Customer 02308,Consumer,Berlin,DE,2021-11-14
CUST-02309,Synthetic Customer 02309,Small Business,Berlin,DE,2024-10-17
CUST-02310,Synthetic Customer 02310,Small Business,Frankfurt,DE,2022-10-07
CUST-02311,Synthetic Customer 02311,Consumer,Berlin,DE,2025-04-23
CUST-02312,Synthetic Customer 02312,Small Business,Frankfurt,DE,2023-06-27
CUST-02313,Synthetic Customer 02313,Small Business,Hamburg,DE,2023-02-09
CUST-02314,Synthetic Customer 02314,Small Business,Frankfurt,DE,2022-04-09
CUST-02315,Synthetic Customer 02315,Small Business,Leipzig,DE,2025-03-07
CUST-02316,Synthetic Customer 02316,Consumer,Berlin,DE,2022-11-19
CUST-02317,Synthetic Customer 02317,Mid-Market,Berlin,DE,2023-03-27
CUST-02318,Synthetic Customer 02318,Consumer,Warsaw,PL,2023-08-27
CUST-02319,Synthetic Customer 02319,Consumer,Hamburg,DE,2024-03-07
CUST-02320,Synthetic Customer 02320,Consumer,Frankfurt,DE,2025-07-23
CUST-02321,Synthetic Customer 02321,Consumer,Berlin,DE,2022-07-29
CUST-02322,Synthetic Customer 02322,Consumer,Cologne,DE,2025-01-28
CUST-02323,Synthetic Customer 02323,Enterprise,Munich,DE,2023-12-07
CUST-02324,Synthetic Customer 02324,Mid-Market,Frankfurt,DE,2024-02-24
CUST-02325,Synthetic Customer 02325,Enterprise,Cologne,DE,2022-02-25
CUST-02326,Synthetic Customer 02326,Consumer,Berlin,DE,2023-11-03
CUST-02327,Synthetic Customer 02327,Mid-Market,Munich,DE,2022-04-07
CUST-02328,Synthetic Customer 02328,Mid-Market,Amsterdam,NL,2022-09-18
CUST-02329,Synthetic Customer 02329,Small Business,Frankfurt,DE,2022-02-21
CUST-02330,Synthetic Customer 02330,Consumer,Hamburg,DE,2024-06-02
CUST-02331,Synthetic Customer 02331,Consumer,Vienna,AT,2022-11-27
CUST-02332,Synthetic Customer 02332,Consumer,Cologne,DE,2021-11-04
CUST-02333,Synthetic Customer 02333,Consumer,Berlin,DE,2023-05-29
CUST-02334,Synthetic Customer 02334,Consumer,Frankfurt,DE,2023-08-19
CUST-02335,Synthetic Customer 02335,Consumer,Berlin,DE,2024-01-07
CUST-02336,Synthetic Customer 02336,Mid-Market,Brussels,BE,2023-06-21
CUST-02337,Synthetic Customer 02337,Small Business,Leipzig,DE,2024-09-01
CUST-02338,Synthetic Customer 02338,Consumer,Berlin,DE,2025-04-22
CUST-02339,Synthetic Customer 02339,Consumer,Frankfurt,DE,2022-05-30
CUST-02340,Synthetic Customer 02340,Consumer,Cologne,DE,2024-03-28
CUST-02341,Synthetic Customer 02341,Small Business,Cologne,DE,2024-07-28
CUST-02342,Synthetic Customer 02342,Consumer,Cologne,DE,2022-01-26
CUST-02343,Synthetic Customer 02343,Consumer,Amsterdam,NL,2022-08-31
CUST-02344,Synthetic Customer 02344,Small Business,Prague,CZ,2024-08-02
CUST-02345,Synthetic Customer 02345,Consumer,Paris,FR,2022-11-24
CUST-02346,Synthetic Customer 02346,Consumer,Hamburg,DE,2023-08-26
CUST-02347,Synthetic Customer 02347,Consumer,Cologne,DE,2023-12-21
CUST-02348,Synthetic Customer 02348,Small Business,Amsterdam,NL,2022-03-29
CUST-02349,Synthetic Customer 02349,Consumer,Cologne,DE,2025-05-14
CUST-02350,Synthetic Customer 02350,Enterprise,Leipzig,DE,2022-04-06
CUST-02351,Synthetic Customer 02351,Consumer,Berlin,DE,2025-02-15
CUST-02352,Synthetic Customer 02352,Small Business,Berlin,DE,2025-03-24
CUST-02353,Synthetic Customer 02353,Small Business,Leipzig,DE,2022-03-18
CUST-02354,Synthetic Customer 02354,Consumer,Munich,DE,2024-09-14
CUST-02355,Synthetic Customer 02355,Mid-Market,Düsseldorf,DE,2023-09-22
CUST-02356,Synthetic Customer 02356,Consumer,Frankfurt,DE,2023-03-30
CUST-02357,Synthetic Customer 02357,Small Business,Frankfurt,DE,2024-01-23
CUST-02358,Synthetic Customer 02358,Small Business,Vienna,AT,2023-08-14
CUST-02359,Synthetic Customer 02359,Consumer,Stuttgart,DE,2022-05-14
CUST-02360,Synthetic Customer 02360,Small Business,Düsseldorf,DE,2025-02-17
CUST-02361,Synthetic Customer 02361,Small Business,Hamburg,DE,2022-09-21
CUST-02362,Synthetic Customer 02362,Small Business,Berlin,DE,2024-04-20
CUST-02363,Synthetic Customer 02363,Consumer,Hamburg,DE,2023-02-14
CUST-02364,Synthetic Customer 02364,Consumer,Berlin,DE,2024-05-28
CUST-02365,Synthetic Customer 02365,Mid-Market,Amsterdam,NL,2025-04-20
CUST-02366,Synthetic Customer 02366,Consumer,Frankfurt,DE,2025-01-05
CUST-02367,Synthetic Customer 02367,Small Business,Stuttgart,DE,2022-06-29
CUST-02368,Synthetic Customer 02368,Consumer,Hamburg,DE,2024-03-16
CUST-02369,Synthetic Customer 02369,Consumer,Berlin,DE,2023-05-22
CUST-02370,Synthetic Customer 02370,Consumer,Düsseldorf,DE,2023-09-28
CUST-02371,Synthetic Customer 02371,Consumer,Munich,DE,2023-09-09
CUST-02372,Synthetic Customer 02372,Mid-Market,Berlin,DE,2024-02-14
CUST-02373,Synthetic Customer 02373,Consumer,Berlin,DE,2023-01-11
CUST-02374,Synthetic Customer 02374,Small Business,Berlin,DE,2023-03-31
CUST-02375,Synthetic Customer 02375,Small Business,Amsterdam,NL,2022-09-08
CUST-02376,Synthetic Customer 02376,Small Business,Cologne,DE,2023-03-17
CUST-02377,Synthetic Customer 02377,Consumer,Berlin,DE,2022-09-29
CUST-02378,Synthetic Customer 02378,Consumer,Düsseldorf,DE,2021-11-21
CUST-02379,Synthetic Customer 02379,Consumer,Berlin,DE,2024-07-16
CUST-02380,Synthetic Customer 02380,Consumer,Berlin,DE,2022-02-24
CUST-02381,Synthetic Customer 02381,Consumer,Warsaw,PL,2024-02-20
CUST-02382,Synthetic Customer 02382,Mid-Market,Berlin,DE,2024-02-18
CUST-02383,Synthetic Customer 02383,Consumer,Frankfurt,DE,2022-07-19
CUST-02384,Synthetic Customer 02384,Small Business,Amsterdam,NL,2025-05-02
CUST-02385,Synthetic Customer 02385,Mid-Market,Munich,DE,2023-09-07
CUST-02386,Synthetic Customer 02386,Consumer,Düsseldorf,DE,2023-02-16
CUST-02387,Synthetic Customer 02387,Mid-Market,Cologne,DE,2021-11-19
CUST-02388,Synthetic Customer 02388,Consumer,Munich,DE,2024-04-13
CUST-02389,Synthetic Customer 02389,Consumer,Hamburg,DE,2023-04-17
CUST-02390,Synthetic Customer 02390,Mid-Market,Cologne,DE,2022-02-06
CUST-02391,Synthetic Customer 02391,Small Business,Stuttgart,DE,2024-12-07
CUST-02392,Synthetic Customer 02392,Consumer,Cologne,DE,2024-12-18
CUST-02393,Synthetic Customer 02393,Consumer,Düsseldorf,DE,2024-11-05
CUST-02394,Synthetic Customer 02394,Consumer,Leipzig,DE,2023-04-01
CUST-02395,Synthetic Customer 02395,Consumer,Hamburg,DE,2021-10-11
CUST-02396,Synthetic Customer 02396,Consumer,Stuttgart,DE,2024-01-07
CUST-02397,Synthetic Customer 02397,Consumer,Berlin,DE,2024-01-10
CUST-02398,Synthetic Customer 02398,Mid-Market,Berlin,DE,2022-06-06
CUST-02399,Synthetic Customer 02399,Small Business,Frankfurt,DE,2023-02-27
CUST-02400,Synthetic Customer 02400,Consumer,Berlin,DE,2025-06-25
CUST-02401,Synthetic Customer 02401,Consumer,Leipzig,DE,2023-10-10
CUST-02402,Synthetic Customer 02402,Mid-Market,Düsseldorf,DE,2022-01-21
CUST-02403,Synthetic Customer 02403,Mid-Market,Berlin,DE,2024-11-23
CUST-02404,Synthetic Customer 02404,Mid-Market,Stuttgart,DE,2025-01-21
CUST-02405,Synthetic Customer 02405,Consumer,Amsterdam,NL,2022-07-19
CUST-02406,Synthetic Customer 02406,Small Business,Brussels,BE,2022-06-23
CUST-02407,Synthetic Customer 02407,Small Business,Stuttgart,DE,2023-10-14
CUST-02408,Synthetic Customer 02408,Consumer,Hamburg,DE,2024-06-01
CUST-02409,Synthetic Customer 02409,Small Business,Cologne,DE,2024-03-18
CUST-02410,Synthetic Customer 02410,Small Business,Stuttgart,DE,2021-09-14
CUST-02411,Synthetic Customer 02411,Consumer,Frankfurt,DE,2024-08-28
CUST-02412,Synthetic Customer 02412,Small Business,Hamburg,DE,2024-02-05
CUST-02413,Synthetic Customer 02413,Consumer,Vienna,AT,2022-06-05
CUST-02414,Synthetic Customer 02414,Mid-Market,Cologne,DE,2024-03-26
CUST-02415,Synthetic Customer 02415,Consumer,Düsseldorf,DE,2022-11-06
CUST-02416,Synthetic Customer 02416,Enterprise,Stuttgart,DE,2025-06-18
CUST-02417,Synthetic Customer 02417,Consumer,Berlin,DE,2022-03-10
CUST-02418,Synthetic Customer 02418,Small Business,Paris,FR,2022-01-24
CUST-02419,Synthetic Customer 02419,Consumer,Berlin,DE,2022-03-26
CUST-02420,Synthetic Customer 02420,Small Business,Munich,DE,2025-03-09
CUST-02421,Synthetic Customer 02421,Consumer,Leipzig,DE,2025-06-20
CUST-02422,Synthetic Customer 02422,Consumer,Hamburg,DE,2023-12-03
CUST-02423,Synthetic Customer 02423,Small Business,Stuttgart,DE,2022-01-23
CUST-02424,Synthetic Customer 02424,Consumer,Paris,FR,2022-09-17
CUST-02425,Synthetic Customer 02425,Consumer,Warsaw,PL,2024-10-14
CUST-02426,Synthetic Customer 02426,Small Business,Munich,DE,2022-01-06
CUST-02427,Synthetic Customer 02427,Consumer,Berlin,DE,2025-01-13
CUST-02428,Synthetic Customer 02428,Consumer,Berlin,DE,2022-06-28
CUST-02429,Synthetic Customer 02429,Consumer,Berlin,DE,2025-03-14
CUST-02430,Synthetic Customer 02430,Mid-Market,Amsterdam,NL,2023-08-30
CUST-02431,Synthetic Customer 02431,Mid-Market,Stuttgart,DE,2024-05-25
CUST-02432,Synthetic Customer 02432,Consumer,Frankfurt,DE,2022-02-04
CUST-02433,Synthetic Customer 02433,Consumer,Vienna,AT,2024-07-29
CUST-02434,Synthetic Customer 02434,Small Business,Cologne,DE,2023-08-27
CUST-02435,Synthetic Customer 02435,Enterprise,Leipzig,DE,2023-06-06
CUST-02436,Synthetic Customer 02436,Consumer,Berlin,DE,2023-02-12
CUST-02437,Synthetic Customer 02437,Consumer,Munich,DE,2022-08-27
CUST-02438,Synthetic Customer 02438,Small Business,Munich,DE,2025-03-05
CUST-02439,Synthetic Customer 02439,Consumer,Düsseldorf,DE,2025-06-11
CUST-02440,Synthetic Customer 02440,Consumer,Berlin,DE,2021-11-07
CUST-02441,Synthetic Customer 02441,Mid-Market,Stuttgart,DE,2024-05-07
CUST-02442,Synthetic Customer 02442,Mid-Market,Munich,DE,2025-07-08
CUST-02443,Synthetic Customer 02443,Consumer,Berlin,DE,2024-09-25
CUST-02444,Synthetic Customer 02444,Consumer,Stuttgart,DE,2024-06-12
CUST-02445,Synthetic Customer 02445,Consumer,Brussels,BE,2023-08-21
CUST-02446,Synthetic Customer 02446,Consumer,Berlin,DE,2025-03-04
CUST-02447,Synthetic Customer 02447,Consumer,Frankfurt,DE,2022-09-15
CUST-02448,Synthetic Customer 02448,Enterprise,Berlin,DE,2022-09-15
CUST-02449,Synthetic Customer 02449,Consumer,Paris,FR,2024-07-03
CUST-02450,Synthetic Customer 02450,Consumer,Cologne,DE,2022-07-23
CUST-02451,Synthetic Customer 02451,Consumer,Amsterdam,NL,2025-01-08
CUST-02452,Synthetic Customer 02452,Small Business,Stuttgart,DE,2024-03-22
CUST-02453,Synthetic Customer 02453,Small Business,Prague,CZ,2023-09-01
CUST-02454,Synthetic Customer 02454,Consumer,Hamburg,DE,2022-01-25
CUST-02455,Synthetic Customer 02455,Consumer,Hamburg,DE,2022-12-03
CUST-02456,Synthetic Customer 02456,Small Business,Leipzig,DE,2023-06-02
CUST-02457,Synthetic Customer 02457,Consumer,Frankfurt,DE,2024-05-05
CUST-02458,Synthetic Customer 02458,Consumer,Cologne,DE,2022-03-28
CUST-02459,Synthetic Customer 02459,Mid-Market,Hamburg,DE,2023-10-01
CUST-02460,Synthetic Customer 02460,Consumer,Berlin,DE,2024-08-20
CUST-02461,Synthetic Customer 02461,Consumer,Düsseldorf,DE,2022-05-09
CUST-02462,Synthetic Customer 02462,Small Business,Berlin,DE,2024-04-26
CUST-02463,Synthetic Customer 02463,Mid-Market,Düsseldorf,DE,2023-12-14
CUST-02464,Synthetic Customer 02464,Consumer,Vienna,AT,2022-02-03
CUST-02465,Synthetic Customer 02465,Consumer,Leipzig,DE,2022-09-02
CUST-02466,Synthetic Customer 02466,Small Business,Amsterdam,NL,2025-05-23
CUST-02467,Synthetic Customer 02467,Consumer,Berlin,DE,2021-12-31
CUST-02468,Synthetic Customer 02468,Consumer,Düsseldorf,DE,2025-07-28
CUST-02469,Synthetic Customer 02469,Consumer,Berlin,DE,2024-12-06
CUST-02470,Synthetic Customer 02470,Consumer,Stuttgart,DE,2022-10-05
CUST-02471,Synthetic Customer 02471,Consumer,Munich,DE,2022-09-08
CUST-02472,Synthetic Customer 02472,Enterprise,Hamburg,DE,2022-08-31
CUST-02473,Synthetic Customer 02473,Consumer,Frankfurt,DE,2023-06-19
CUST-02474,Synthetic Customer 02474,Consumer,Frankfurt,DE,2021-10-01
CUST-02475,Synthetic Customer 02475,Consumer,Leipzig,DE,2022-08-28
CUST-02476,Synthetic Customer 02476,Consumer,Prague,CZ,2023-10-16
CUST-02477,Synthetic Customer 02477,Consumer,Berlin,DE,2022-12-24
CUST-02478,Synthetic Customer 02478,Consumer,Düsseldorf,DE,2024-12-17
CUST-02479,Synthetic Customer 02479,Mid-Market,Berlin,DE,2023-08-26
CUST-02480,Synthetic Customer 02480,Consumer,Berlin,DE,2025-06-23
CUST-02481,Synthetic Customer 02481,Consumer,Cologne,DE,2021-11-18
CUST-02482,Synthetic Customer 02482,Consumer,Berlin,DE,2024-05-29
CUST-02483,Synthetic Customer 02483,Mid-Market,Düsseldorf,DE,2023-08-31
CUST-02484,Synthetic Customer 02484,Consumer,Berlin,DE,2024-02-09
CUST-02485,Synthetic Customer 02485,Enterprise,Stuttgart,DE,2025-04-05
CUST-02486,Synthetic Customer 02486,Consumer,Vienna,AT,2024-06-14
CUST-02487,Synthetic Customer 02487,Consumer,Frankfurt,DE,2024-01-19
CUST-02488,Synthetic Customer 02488,Consumer,Amsterdam,NL,2021-12-19
CUST-02489,Synthetic Customer 02489,Consumer,Munich,DE,2021-12-16
CUST-02490,Synthetic Customer 02490,Small Business,Munich,DE,2024-09-22
CUST-02491,Synthetic Customer 02491,Consumer,Stuttgart,DE,2025-05-07
CUST-02492,Synthetic Customer 02492,Consumer,Berlin,DE,2022-04-29
CUST-02493,Synthetic Customer 02493,Consumer,Berlin,DE,2023-02-27
CUST-02494,Synthetic Customer 02494,Small Business,Munich,DE,2022-07-17
CUST-02495,Synthetic Customer 02495,Consumer,Brussels,BE,2022-06-14
CUST-02496,Synthetic Customer 02496,Consumer,Leipzig,DE,2025-07-20
CUST-02497,Synthetic Customer 02497,Consumer,Paris,FR,2025-06-25
CUST-02498,Synthetic Customer 02498,Small Business,Brussels,BE,2024-05-13
CUST-02499,Synthetic Customer 02499,Small Business,Hamburg,DE,2024-01-24
CUST-02500,Synthetic Customer 02500,Mid-Market,Amsterdam,NL,2023-07-02
CUST-02501,Synthetic Customer 02501,Small Business,Cologne,DE,2024-07-08
CUST-02502,Synthetic Customer 02502,Mid-Market,Stuttgart,DE,2025-04-14
CUST-02503,Synthetic Customer 02503,Consumer,Leipzig,DE,2022-06-27
CUST-02504,Synthetic Customer 02504,Small Business,Cologne,DE,2022-11-11
CUST-02505,Synthetic Customer 02505,Consumer,Brussels,BE,2022-11-28
CUST-02506,Synthetic Customer 02506,Consumer,Warsaw,PL,2022-03-29
CUST-02507,Synthetic Customer 02507,Consumer,Prague,CZ,2023-02-05
CUST-02508,Synthetic Customer 02508,Small Business,Munich,DE,2021-11-14
CUST-02509,Synthetic Customer 02509,Small Business,Warsaw,PL,2023-01-24
CUST-02510,Synthetic Customer 02510,Consumer,Vienna,AT,2024-09-06
CUST-02511,Synthetic Customer 02511,Mid-Market,Düsseldorf,DE,2024-09-15
CUST-02512,Synthetic Customer 02512,Small Business,Hamburg,DE,2025-01-02
CUST-02513,Synthetic Customer 02513,Consumer,Berlin,DE,2024-07-26
CUST-02514,Synthetic Customer 02514,Small Business,Leipzig,DE,2025-02-03
CUST-02515,Synthetic Customer 02515,Mid-Market,Düsseldorf,DE,2024-09-28
CUST-02516,Synthetic Customer 02516,Consumer,Berlin,DE,2022-06-23
CUST-02517,Synthetic Customer 02517,Consumer,Berlin,DE,2025-06-17
CUST-02518,Synthetic Customer 02518,Consumer,Berlin,DE,2022-11-06
CUST-02519,Synthetic Customer 02519,Small Business,Vienna,AT,2024-02-27
CUST-02520,Synthetic Customer 02520,Consumer,Berlin,DE,2023-01-23
CUST-02521,Synthetic Customer 02521,Consumer,Paris,FR,2022-02-24
CUST-02522,Synthetic Customer 02522,Consumer,Berlin,DE,2023-11-17
CUST-02523,Synthetic Customer 02523,Consumer,Amsterdam,NL,2024-05-20
CUST-02524,Synthetic Customer 02524,Consumer,Düsseldorf,DE,2023-03-03
CUST-02525,Synthetic Customer 02525,Consumer,Cologne,DE,2023-08-10
CUST-02526,Synthetic Customer 02526,Consumer,Paris,FR,2024-03-22
CUST-02527,Synthetic Customer 02527,Consumer,Leipzig,DE,2024-06-04
CUST-02528,Synthetic Customer 02528,Consumer,Leipzig,DE,2023-07-31
CUST-02529,Synthetic Customer 02529,Consumer,Berlin,DE,2023-08-12
CUST-02530,Synthetic Customer 02530,Consumer,Berlin,DE,2023-01-23
CUST-02531,Synthetic Customer 02531,Small Business,Munich,DE,2023-05-30
CUST-02532,Synthetic Customer 02532,Small Business,Berlin,DE,2025-01-12
CUST-02533,Synthetic Customer 02533,Consumer,Hamburg,DE,2025-06-08
CUST-02534,Synthetic Customer 02534,Small Business,Munich,DE,2021-11-05
CUST-02535,Synthetic Customer 02535,Mid-Market,Hamburg,DE,2024-09-01
CUST-02536,Synthetic Customer 02536,Consumer,Vienna,AT,2024-01-20
CUST-02537,Synthetic Customer 02537,Small Business,Frankfurt,DE,2024-02-05
CUST-02538,Synthetic Customer 02538,Consumer,Munich,DE,2022-03-11
CUST-02539,Synthetic Customer 02539,Mid-Market,Amsterdam,NL,2022-04-20
CUST-02540,Synthetic Customer 02540,Mid-Market,Berlin,DE,2024-11-04
CUST-02541,Synthetic Customer 02541,Small Business,Düsseldorf,DE,2022-06-02
CUST-02542,Synthetic Customer 02542,Consumer,Berlin,DE,2023-06-15
CUST-02543,Synthetic Customer 02543,Small Business,Berlin,DE,2021-12-12
CUST-02544,Synthetic Customer 02544,Consumer,Frankfurt,DE,2024-04-29
CUST-02545,Synthetic Customer 02545,Consumer,Cologne,DE,2023-05-08
CUST-02546,Synthetic Customer 02546,Consumer,Paris,FR,2021-09-18
CUST-02547,Synthetic Customer 02547,Consumer,Munich,DE,2021-11-16
CUST-02548,Synthetic Customer 02548,Consumer,Leipzig,DE,2021-10-14
CUST-02549,Synthetic Customer 02549,Small Business,Munich,DE,2025-01-16
CUST-02550,Synthetic Customer 02550,Consumer,Warsaw,PL,2022-06-03
CUST-02551,Synthetic Customer 02551,Small Business,Paris,FR,2023-10-31
CUST-02552,Synthetic Customer 02552,Small Business,Hamburg,DE,2022-05-02
CUST-02553,Synthetic Customer 02553,Small Business,Hamburg,DE,2025-01-03
CUST-02554,Synthetic Customer 02554,Consumer,Munich,DE,2025-06-23
CUST-02555,Synthetic Customer 02555,Consumer,Hamburg,DE,2022-02-14
CUST-02556,Synthetic Customer 02556,Consumer,Berlin,DE,2023-11-10
CUST-02557,Synthetic Customer 02557,Mid-Market,Vienna,AT,2022-01-10
CUST-02558,Synthetic Customer 02558,Consumer,Munich,DE,2025-04-03
CUST-02559,Synthetic Customer 02559,Consumer,Warsaw,PL,2025-01-14
CUST-02560,Synthetic Customer 02560,Mid-Market,Frankfurt,DE,2024-09-15
CUST-02561,Synthetic Customer 02561,Small Business,Leipzig,DE,2023-05-23
CUST-02562,Synthetic Customer 02562,Consumer,Hamburg,DE,2023-07-02
CUST-02563,Synthetic Customer 02563,Consumer,Munich,DE,2024-01-06
CUST-02564,Synthetic Customer 02564,Small Business,Berlin,DE,2024-07-01
CUST-02565,Synthetic Customer 02565,Consumer,Berlin,DE,2022-02-04
CUST-02566,Synthetic Customer 02566,Consumer,Berlin,DE,2024-03-14
CUST-02567,Synthetic Customer 02567,Consumer,Munich,DE,2024-04-16
CUST-02568,Synthetic Customer 02568,Consumer,Prague,CZ,2021-10-28
CUST-02569,Synthetic Customer 02569,Small Business,Berlin,DE,2021-09-20
CUST-02570,Synthetic Customer 02570,Small Business,Amsterdam,NL,2023-03-18
CUST-02571,Synthetic Customer 02571,Consumer,Hamburg,DE,2025-06-04
CUST-02572,Synthetic Customer 02572,Consumer,Berlin,DE,2024-04-19
CUST-02573,Synthetic Customer 02573,Consumer,Berlin,DE,2024-11-30
CUST-02574,Synthetic Customer 02574,Small Business,Berlin,DE,2024-09-18
CUST-02575,Synthetic Customer 02575,Small Business,Berlin,DE,2024-03-27
CUST-02576,Synthetic Customer 02576,Enterprise,Stuttgart,DE,2023-09-26
CUST-02577,Synthetic Customer 02577,Enterprise,Hamburg,DE,2023-06-04
CUST-02578,Synthetic Customer 02578,Consumer,Berlin,DE,2024-10-07
CUST-02579,Synthetic Customer 02579,Small Business,Prague,CZ,2024-12-16
CUST-02580,Synthetic Customer 02580,Small Business,Cologne,DE,2024-01-18
CUST-02581,Synthetic Customer 02581,Consumer,Düsseldorf,DE,2022-03-04
CUST-02582,Synthetic Customer 02582,Consumer,Amsterdam,NL,2025-02-25
CUST-02583,Synthetic Customer 02583,Consumer,Munich,DE,2025-07-08
CUST-02584,Synthetic Customer 02584,Consumer,Brussels,BE,2023-12-16
CUST-02585,Synthetic Customer 02585,Consumer,Warsaw,PL,2021-12-26
CUST-02586,Synthetic Customer 02586,Mid-Market,Leipzig,DE,2024-09-28
CUST-02587,Synthetic Customer 02587,Small Business,Leipzig,DE,2022-10-18
CUST-02588,Synthetic Customer 02588,Consumer,Frankfurt,DE,2025-04-14
CUST-02589,Synthetic Customer 02589,Consumer,Stuttgart,DE,2023-08-20
CUST-02590,Synthetic Customer 02590,Mid-Market,Paris,FR,2023-10-30
CUST-02591,Synthetic Customer 02591,Small Business,Leipzig,DE,2022-12-17
CUST-02592,Synthetic Customer 02592,Mid-Market,Stuttgart,DE,2022-03-29
CUST-02593,Synthetic Customer 02593,Consumer,Brussels,BE,2024-01-03
CUST-02594,Synthetic Customer 02594,Consumer,Amsterdam,NL,2025-04-17
CUST-02595,Synthetic Customer 02595,Mid-Market,Berlin,DE,2023-01-10
CUST-02596,Synthetic Customer 02596,Mid-Market,Hamburg,DE,2025-02-17
CUST-02597,Synthetic Customer 02597,Enterprise,Amsterdam,NL,2022-10-09
CUST-02598,Synthetic Customer 02598,Small Business,Berlin,DE,2022-01-11
CUST-02599,Synthetic Customer 02599,Small Business,Munich,DE,2021-12-31
CUST-02600,Synthetic Customer 02600,Consumer,Munich,DE,2023-10-18
CUST-02601,Synthetic Customer 02601,Small Business,Munich,DE,2025-04-06
CUST-02602,Synthetic Customer 02602,Consumer,Cologne,DE,2022-04-10
CUST-02603,Synthetic Customer 02603,Consumer,Berlin,DE,2024-12-21
CUST-02604,Synthetic Customer 02604,Small Business,Warsaw,PL,2022-04-13
CUST-02605,Synthetic Customer 02605,Consumer,Amsterdam,NL,2024-12-10
CUST-02606,Synthetic Customer 02606,Consumer,Munich,DE,2024-02-16
CUST-02607,Synthetic Customer 02607,Small Business,Stuttgart,DE,2023-08-10
CUST-02608,Synthetic Customer 02608,Mid-Market,Warsaw,PL,2025-03-04
CUST-02609,Synthetic Customer 02609,Small Business,Frankfurt,DE,2022-03-15
CUST-02610,Synthetic Customer 02610,Consumer,Cologne,DE,2024-10-13
CUST-02611,Synthetic Customer 02611,Mid-Market,Munich,DE,2024-11-23
CUST-02612,Synthetic Customer 02612,Consumer,Munich,DE,2025-03-25
CUST-02613,Synthetic Customer 02613,Consumer,Amsterdam,NL,2023-07-09
CUST-02614,Synthetic Customer 02614,Small Business,Munich,DE,2024-08-18
CUST-02615,Synthetic Customer 02615,Small Business,Munich,DE,2021-09-22
CUST-02616,Synthetic Customer 02616,Consumer,Munich,DE,2022-08-25
CUST-02617,Synthetic Customer 02617,Small Business,Düsseldorf,DE,2023-08-24
CUST-02618,Synthetic Customer 02618,Consumer,Stuttgart,DE,2025-04-10
CUST-02619,Synthetic Customer 02619,Consumer,Berlin,DE,2025-06-21
CUST-02620,Synthetic Customer 02620,Consumer,Berlin,DE,2024-03-24
CUST-02621,Synthetic Customer 02621,Consumer,Paris,FR,2022-10-18
CUST-02622,Synthetic Customer 02622,Consumer,Munich,DE,2023-10-06
CUST-02623,Synthetic Customer 02623,Mid-Market,Düsseldorf,DE,2024-08-11
CUST-02624,Synthetic Customer 02624,Small Business,Düsseldorf,DE,2023-10-01
CUST-02625,Synthetic Customer 02625,Consumer,Amsterdam,NL,2025-01-10
CUST-02626,Synthetic Customer 02626,Consumer,Paris,FR,2022-06-17
CUST-02627,Synthetic Customer 02627,Consumer,Hamburg,DE,2024-08-18
CUST-02628,Synthetic Customer 02628,Consumer,Berlin,DE,2022-02-10
CUST-02629,Synthetic Customer 02629,Small Business,Vienna,AT,2022-04-20
CUST-02630,Synthetic Customer 02630,Consumer,Cologne,DE,2022-11-29
CUST-02631,Synthetic Customer 02631,Small Business,Hamburg,DE,2022-08-08
CUST-02632,Synthetic Customer 02632,Consumer,Munich,DE,2024-04-10
CUST-02633,Synthetic Customer 02633,Consumer,Hamburg,DE,2022-04-06
CUST-02634,Synthetic Customer 02634,Small Business,Warsaw,PL,2025-02-28
CUST-02635,Synthetic Customer 02635,Consumer,Vienna,AT,2023-04-17
CUST-02636,Synthetic Customer 02636,Mid-Market,Berlin,DE,2024-07-28
CUST-02637,Synthetic Customer 02637,Mid-Market,Prague,CZ,2024-06-01
CUST-02638,Synthetic Customer 02638,Consumer,Stuttgart,DE,2023-06-19
CUST-02639,Synthetic Customer 02639,Small Business,Stuttgart,DE,2021-12-20
CUST-02640,Synthetic Customer 02640,Mid-Market,Prague,CZ,2023-12-06
CUST-02641,Synthetic Customer 02641,Consumer,Frankfurt,DE,2022-03-18
CUST-02642,Synthetic Customer 02642,Small Business,Munich,DE,2021-12-06
CUST-02643,Synthetic Customer 02643,Consumer,Berlin,DE,2022-05-24
CUST-02644,Synthetic Customer 02644,Consumer,Vienna,AT,2025-02-27
CUST-02645,Synthetic Customer 02645,Small Business,Prague,CZ,2024-04-27
CUST-02646,Synthetic Customer 02646,Small Business,Cologne,DE,2022-11-04
CUST-02647,Synthetic Customer 02647,Consumer,Leipzig,DE,2024-08-21
CUST-02648,Synthetic Customer 02648,Mid-Market,Munich,DE,2023-11-25
CUST-02649,Synthetic Customer 02649,Consumer,Berlin,DE,2024-08-22
CUST-02650,Synthetic Customer 02650,Mid-Market,Vienna,AT,2022-04-11
CUST-02651,Synthetic Customer 02651,Consumer,Düsseldorf,DE,2024-04-05
CUST-02652,Synthetic Customer 02652,Small Business,Hamburg,DE,2023-04-14
CUST-02653,Synthetic Customer 02653,Consumer,Munich,DE,2022-10-23
CUST-02654,Synthetic Customer 02654,Consumer,Stuttgart,DE,2024-06-13
CUST-02655,Synthetic Customer 02655,Consumer,Cologne,DE,2023-01-25
CUST-02656,Synthetic Customer 02656,Consumer,Cologne,DE,2025-01-07
CUST-02657,Synthetic Customer 02657,Enterprise,Munich,DE,2022-12-13
CUST-02658,Synthetic Customer 02658,Consumer,Frankfurt,DE,2023-08-09
CUST-02659,Synthetic Customer 02659,Consumer,Vienna,AT,2024-05-07
CUST-02660,Synthetic Customer 02660,Consumer,Berlin,DE,2023-03-08
CUST-02661,Synthetic Customer 02661,Consumer,Prague,CZ,2023-11-11
CUST-02662,Synthetic Customer 02662,Small Business,Stuttgart,DE,2024-02-26
CUST-02663,Synthetic Customer 02663,Consumer,Amsterdam,NL,2024-12-14
CUST-02664,Synthetic Customer 02664,Mid-Market,Brussels,BE,2024-11-12
CUST-02665,Synthetic Customer 02665,Small Business,Cologne,DE,2023-11-30
CUST-02666,Synthetic Customer 02666,Consumer,Stuttgart,DE,2024-08-04
CUST-02667,Synthetic Customer 02667,Mid-Market,Düsseldorf,DE,2024-03-06
CUST-02668,Synthetic Customer 02668,Consumer,Berlin,DE,2023-03-24
CUST-02669,Synthetic Customer 02669,Consumer,Berlin,DE,2023-07-10
CUST-02670,Synthetic Customer 02670,Small Business,Prague,CZ,2024-07-03
CUST-02671,Synthetic Customer 02671,Consumer,Berlin,DE,2022-06-17
CUST-02672,Synthetic Customer 02672,Consumer,Frankfurt,DE,2023-11-05
CUST-02673,Synthetic Customer 02673,Consumer,Düsseldorf,DE,2022-01-23
CUST-02674,Synthetic Customer 02674,Small Business,Warsaw,PL,2024-06-25
CUST-02675,Synthetic Customer 02675,Small Business,Paris,FR,2024-12-13
CUST-02676,Synthetic Customer 02676,Small Business,Stuttgart,DE,2023-11-22
CUST-02677,Synthetic Customer 02677,Consumer,Cologne,DE,2022-03-10
CUST-02678,Synthetic Customer 02678,Small Business,Paris,FR,2025-05-31
CUST-02679,Synthetic Customer 02679,Mid-Market,Frankfurt,DE,2022-05-25
CUST-02680,Synthetic Customer 02680,Consumer,Berlin,DE,2025-01-30
CUST-02681,Synthetic Customer 02681,Consumer,Stuttgart,DE,2023-04-19
CUST-02682,Synthetic Customer 02682,Consumer,Brussels,BE,2022-02-26
CUST-02683,Synthetic Customer 02683,Small Business,Amsterdam,NL,2023-06-17
CUST-02684,Synthetic Customer 02684,Mid-Market,Stuttgart,DE,2022-07-17
CUST-02685,Synthetic Customer 02685,Small Business,Munich,DE,2023-04-23
CUST-02686,Synthetic Customer 02686,Consumer,Munich,DE,2023-09-21
CUST-02687,Synthetic Customer 02687,Consumer,Berlin,DE,2024-07-20
CUST-02688,Synthetic Customer 02688,Consumer,Frankfurt,DE,2023-09-26
CUST-02689,Synthetic Customer 02689,Consumer,Düsseldorf,DE,2025-03-21
CUST-02690,Synthetic Customer 02690,Small Business,Amsterdam,NL,2022-08-14
CUST-02691,Synthetic Customer 02691,Small Business,Berlin,DE,2025-03-02
CUST-02692,Synthetic Customer 02692,Consumer,Munich,DE,2024-04-08
CUST-02693,Synthetic Customer 02693,Mid-Market,Berlin,DE,2022-06-21
CUST-02694,Synthetic Customer 02694,Consumer,Leipzig,DE,2022-05-17
CUST-02695,Synthetic Customer 02695,Consumer,Vienna,AT,2022-06-29
CUST-02696,Synthetic Customer 02696,Mid-Market,Hamburg,DE,2025-01-31
CUST-02697,Synthetic Customer 02697,Small Business,Paris,FR,2024-06-10
CUST-02698,Synthetic Customer 02698,Small Business,Vienna,AT,2022-10-25
CUST-02699,Synthetic Customer 02699,Consumer,Frankfurt,DE,2022-12-23
CUST-02700,Synthetic Customer 02700,Consumer,Berlin,DE,2022-04-03
CUST-02701,Synthetic Customer 02701,Consumer,Hamburg,DE,2023-10-28
CUST-02702,Synthetic Customer 02702,Consumer,Frankfurt,DE,2024-08-16
CUST-02703,Synthetic Customer 02703,Consumer,Prague,CZ,2023-09-28
CUST-02704,Synthetic Customer 02704,Consumer,Cologne,DE,2021-11-27
CUST-02705,Synthetic Customer 02705,Consumer,Düsseldorf,DE,2024-07-22
CUST-02706,Synthetic Customer 02706,Consumer,Hamburg,DE,2022-08-17
CUST-02707,Synthetic Customer 02707,Consumer,Frankfurt,DE,2024-02-15
CUST-02708,Synthetic Customer 02708,Mid-Market,Munich,DE,2023-12-08
CUST-02709,Synthetic Customer 02709,Consumer,Vienna,AT,2023-12-09
CUST-02710,Synthetic Customer 02710,Small Business,Vienna,AT,2022-02-18
CUST-02711,Synthetic Customer 02711,Consumer,Stuttgart,DE,2022-06-05
CUST-02712,Synthetic Customer 02712,Consumer,Paris,FR,2023-01-28
CUST-02713,Synthetic Customer 02713,Consumer,Brussels,BE,2025-06-21
CUST-02714,Synthetic Customer 02714,Consumer,Hamburg,DE,2023-01-21
CUST-02715,Synthetic Customer 02715,Consumer,Munich,DE,2022-11-12
CUST-02716,Synthetic Customer 02716,Mid-Market,Munich,DE,2023-06-29
CUST-02717,Synthetic Customer 02717,Small Business,Berlin,DE,2024-08-10
CUST-02718,Synthetic Customer 02718,Consumer,Berlin,DE,2025-07-08
CUST-02719,Synthetic Customer 02719,Consumer,Frankfurt,DE,2023-11-19
CUST-02720,Synthetic Customer 02720,Small Business,Munich,DE,2024-02-09
CUST-02721,Synthetic Customer 02721,Consumer,Cologne,DE,2025-02-03
CUST-02722,Synthetic Customer 02722,Consumer,Düsseldorf,DE,2023-09-16
CUST-02723,Synthetic Customer 02723,Small Business,Berlin,DE,2022-11-12
CUST-02724,Synthetic Customer 02724,Mid-Market,Berlin,DE,2023-04-08
CUST-02725,Synthetic Customer 02725,Enterprise,Hamburg,DE,2023-08-03
CUST-02726,Synthetic Customer 02726,Consumer,Brussels,BE,2023-05-23
CUST-02727,Synthetic Customer 02727,Consumer,Düsseldorf,DE,2024-06-20
CUST-02728,Synthetic Customer 02728,Consumer,Frankfurt,DE,2024-12-13
CUST-02729,Synthetic Customer 02729,Consumer,Frankfurt,DE,2025-04-28
CUST-02730,Synthetic Customer 02730,Consumer,Stuttgart,DE,2023-09-04
CUST-02731,Synthetic Customer 02731,Consumer,Stuttgart,DE,2023-03-09
CUST-02732,Synthetic Customer 02732,Consumer,Amsterdam,NL,2021-10-05
CUST-02733,Synthetic Customer 02733,Consumer,Leipzig,DE,2022-02-26
CUST-02734,Synthetic Customer 02734,Small Business,Cologne,DE,2022-02-07
CUST-02735,Synthetic Customer 02735,Consumer,Berlin,DE,2021-12-25
CUST-02736,Synthetic Customer 02736,Consumer,Cologne,DE,2022-11-09
CUST-02737,Synthetic Customer 02737,Consumer,Stuttgart,DE,2023-08-09
CUST-02738,Synthetic Customer 02738,Small Business,Cologne,DE,2022-08-17
CUST-02739,Synthetic Customer 02739,Consumer,Düsseldorf,DE,2022-12-22
CUST-02740,Synthetic Customer 02740,Consumer,Berlin,DE,2022-12-19
CUST-02741,Synthetic Customer 02741,Enterprise,Amsterdam,NL,2022-11-01
CUST-02742,Synthetic Customer 02742,Small Business,Berlin,DE,2024-12-09
CUST-02743,Synthetic Customer 02743,Small Business,Vienna,AT,2021-11-26
CUST-02744,Synthetic Customer 02744,Consumer,Cologne,DE,2023-09-30
CUST-02745,Synthetic Customer 02745,Consumer,Prague,CZ,2022-06-17
CUST-02746,Synthetic Customer 02746,Consumer,Munich,DE,2024-01-12
CUST-02747,Synthetic Customer 02747,Consumer,Hamburg,DE,2024-01-15
CUST-02748,Synthetic Customer 02748,Small Business,Munich,DE,2024-11-17
CUST-02749,Synthetic Customer 02749,Consumer,Frankfurt,DE,2021-11-05
CUST-02750,Synthetic Customer 02750,Consumer,Berlin,DE,2025-06-28
CUST-02751,Synthetic Customer 02751,Small Business,Stuttgart,DE,2022-05-08
CUST-02752,Synthetic Customer 02752,Consumer,Vienna,AT,2022-02-13
CUST-02753,Synthetic Customer 02753,Small Business,Leipzig,DE,2024-05-26
CUST-02754,Synthetic Customer 02754,Enterprise,Cologne,DE,2023-09-23
CUST-02755,Synthetic Customer 02755,Mid-Market,Stuttgart,DE,2024-06-14
CUST-02756,Synthetic Customer 02756,Enterprise,Stuttgart,DE,2021-10-01
CUST-02757,Synthetic Customer 02757,Enterprise,Berlin,DE,2023-02-28
CUST-02758,Synthetic Customer 02758,Consumer,Frankfurt,DE,2021-10-25
CUST-02759,Synthetic Customer 02759,Small Business,Cologne,DE,2022-12-22
CUST-02760,Synthetic Customer 02760,Consumer,Amsterdam,NL,2025-04-17
CUST-02761,Synthetic Customer 02761,Small Business,Berlin,DE,2023-09-09
CUST-02762,Synthetic Customer 02762,Small Business,Berlin,DE,2022-05-18
CUST-02763,Synthetic Customer 02763,Consumer,Vienna,AT,2024-01-12
CUST-02764,Synthetic Customer 02764,Consumer,Stuttgart,DE,2021-11-26
CUST-02765,Synthetic Customer 02765,Consumer,Warsaw,PL,2021-10-24
CUST-02766,Synthetic Customer 02766,Consumer,Warsaw,PL,2022-09-12
CUST-02767,Synthetic Customer 02767,Small Business,Frankfurt,DE,2023-10-12
CUST-02768,Synthetic Customer 02768,Small Business,Düsseldorf,DE,2025-03-25
CUST-02769,Synthetic Customer 02769,Consumer,Berlin,DE,2022-04-27
CUST-02770,Synthetic Customer 02770,Small Business,Berlin,DE,2023-09-07
CUST-02771,Synthetic Customer 02771,Small Business,Frankfurt,DE,2022-08-03
CUST-02772,Synthetic Customer 02772,Small Business,Hamburg,DE,2024-09-19
CUST-02773,Synthetic Customer 02773,Consumer,Berlin,DE,2023-08-19
CUST-02774,Synthetic Customer 02774,Mid-Market,Hamburg,DE,2025-05-24
CUST-02775,Synthetic Customer 02775,Consumer,Leipzig,DE,2022-07-26
CUST-02776,Synthetic Customer 02776,Consumer,Düsseldorf,DE,2023-09-30
CUST-02777,Synthetic Customer 02777,Small Business,Munich,DE,2022-06-18
CUST-02778,Synthetic Customer 02778,Consumer,Berlin,DE,2025-04-03
CUST-02779,Synthetic Customer 02779,Small Business,Cologne,DE,2025-07-18
CUST-02780,Synthetic Customer 02780,Consumer,Frankfurt,DE,2023-06-23
CUST-02781,Synthetic Customer 02781,Consumer,Vienna,AT,2024-11-03
CUST-02782,Synthetic Customer 02782,Consumer,Prague,CZ,2022-07-03
CUST-02783,Synthetic Customer 02783,Consumer,Berlin,DE,2022-04-04
CUST-02784,Synthetic Customer 02784,Small Business,Düsseldorf,DE,2022-12-04
CUST-02785,Synthetic Customer 02785,Consumer,Vienna,AT,2024-10-12
CUST-02786,Synthetic Customer 02786,Small Business,Leipzig,DE,2022-01-06
CUST-02787,Synthetic Customer 02787,Small Business,Hamburg,DE,2022-10-26
CUST-02788,Synthetic Customer 02788,Consumer,Munich,DE,2025-06-27
CUST-02789,Synthetic Customer 02789,Consumer,Stuttgart,DE,2022-02-16
CUST-02790,Synthetic Customer 02790,Consumer,Leipzig,DE,2024-10-18
CUST-02791,Synthetic Customer 02791,Small Business,Hamburg,DE,2024-05-04
CUST-02792,Synthetic Customer 02792,Mid-Market,Munich,DE,2023-04-01
CUST-02793,Synthetic Customer 02793,Consumer,Munich,DE,2023-05-28
CUST-02794,Synthetic Customer 02794,Consumer,Prague,CZ,2023-05-09
CUST-02795,Synthetic Customer 02795,Mid-Market,Düsseldorf,DE,2025-06-23
CUST-02796,Synthetic Customer 02796,Small Business,Cologne,DE,2025-03-01
CUST-02797,Synthetic Customer 02797,Consumer,Munich,DE,2022-01-27
CUST-02798,Synthetic Customer 02798,Small Business,Munich,DE,2021-12-16
CUST-02799,Synthetic Customer 02799,Small Business,Stuttgart,DE,2022-01-17
CUST-02800,Synthetic Customer 02800,Consumer,Vienna,AT,2021-12-23
CUST-02801,Synthetic Customer 02801,Small Business,Düsseldorf,DE,2021-09-30
CUST-02802,Synthetic Customer 02802,Consumer,Stuttgart,DE,2022-06-15
CUST-02803,Synthetic Customer 02803,Consumer,Cologne,DE,2023-11-11
CUST-02804,Synthetic Customer 02804,Consumer,Düsseldorf,DE,2024-11-02
CUST-02805,Synthetic Customer 02805,Consumer,Cologne,DE,2023-10-26
CUST-02806,Synthetic Customer 02806,Small Business,Munich,DE,2021-09-25
CUST-02807,Synthetic Customer 02807,Mid-Market,Brussels,BE,2024-04-08
CUST-02808,Synthetic Customer 02808,Small Business,Frankfurt,DE,2021-10-31
CUST-02809,Synthetic Customer 02809,Consumer,Düsseldorf,DE,2023-01-17
CUST-02810,Synthetic Customer 02810,Small Business,Hamburg,DE,2025-02-09
CUST-02811,Synthetic Customer 02811,Consumer,Frankfurt,DE,2024-02-09
CUST-02812,Synthetic Customer 02812,Consumer,Amsterdam,NL,2022-10-29
CUST-02813,Synthetic Customer 02813,Consumer,Leipzig,DE,2024-01-01
CUST-02814,Synthetic Customer 02814,Consumer,Cologne,DE,2024-04-06
CUST-02815,Synthetic Customer 02815,Mid-Market,Warsaw,PL,2024-03-26
CUST-02816,Synthetic Customer 02816,Small Business,Cologne,DE,2022-03-10
CUST-02817,Synthetic Customer 02817,Consumer,Düsseldorf,DE,2024-01-19
CUST-02818,Synthetic Customer 02818,Enterprise,Frankfurt,DE,2025-04-19
CUST-02819,Synthetic Customer 02819,Consumer,Amsterdam,NL,2025-06-20
CUST-02820,Synthetic Customer 02820,Consumer,Düsseldorf,DE,2024-07-03
CUST-02821,Synthetic Customer 02821,Consumer,Munich,DE,2022-07-08
CUST-02822,Synthetic Customer 02822,Small Business,Vienna,AT,2023-02-27
CUST-02823,Synthetic Customer 02823,Consumer,Berlin,DE,2023-10-01
CUST-02824,Synthetic Customer 02824,Small Business,Frankfurt,DE,2025-07-07
CUST-02825,Synthetic Customer 02825,Consumer,Munich,DE,2022-03-20
CUST-02826,Synthetic Customer 02826,Mid-Market,Munich,DE,2022-01-20
CUST-02827,Synthetic Customer 02827,Consumer,Paris,FR,2024-05-09
CUST-02828,Synthetic Customer 02828,Small Business,Prague,CZ,2023-08-15
CUST-02829,Synthetic Customer 02829,Consumer,Düsseldorf,DE,2022-10-19
CUST-02830,Synthetic Customer 02830,Consumer,Munich,DE,2023-06-11
CUST-02831,Synthetic Customer 02831,Consumer,Düsseldorf,DE,2023-06-17
CUST-02832,Synthetic Customer 02832,Small Business,Leipzig,DE,2021-11-10
CUST-02833,Synthetic Customer 02833,Mid-Market,Cologne,DE,2024-04-01
CUST-02834,Synthetic Customer 02834,Consumer,Cologne,DE,2022-09-04
CUST-02835,Synthetic Customer 02835,Consumer,Warsaw,PL,2022-03-21
CUST-02836,Synthetic Customer 02836,Mid-Market,Frankfurt,DE,2022-11-06
CUST-02837,Synthetic Customer 02837,Small Business,Prague,CZ,2024-06-16
CUST-02838,Synthetic Customer 02838,Consumer,Stuttgart,DE,2024-12-03
CUST-02839,Synthetic Customer 02839,Consumer,Munich,DE,2022-02-20
CUST-02840,Synthetic Customer 02840,Small Business,Amsterdam,NL,2024-12-15
CUST-02841,Synthetic Customer 02841,Small Business,Berlin,DE,2024-01-29
CUST-02842,Synthetic Customer 02842,Consumer,Stuttgart,DE,2024-01-10
CUST-02843,Synthetic Customer 02843,Consumer,Frankfurt,DE,2021-11-25
CUST-02844,Synthetic Customer 02844,Consumer,Frankfurt,DE,2022-02-20
CUST-02845,Synthetic Customer 02845,Consumer,Vienna,AT,2021-09-15
CUST-02846,Synthetic Customer 02846,Consumer,Düsseldorf,DE,2022-06-24
CUST-02847,Synthetic Customer 02847,Small Business,Cologne,DE,2024-12-25
CUST-02848,Synthetic Customer 02848,Consumer,Prague,CZ,2023-04-16
CUST-02849,Synthetic Customer 02849,Consumer,Frankfurt,DE,2025-06-03
CUST-02850,Synthetic Customer 02850,Consumer,Hamburg,DE,2023-05-02
CUST-02851,Synthetic Customer 02851,Consumer,Berlin,DE,2024-02-25
CUST-02852,Synthetic Customer 02852,Consumer,Munich,DE,2021-10-31
CUST-02853,Synthetic Customer 02853,Consumer,Prague,CZ,2024-04-20
CUST-02854,Synthetic Customer 02854,Small Business,Brussels,BE,2024-04-01
CUST-02855,Synthetic Customer 02855,Small Business,Frankfurt,DE,2023-06-22
CUST-02856,Synthetic Customer 02856,Consumer,Warsaw,PL,2022-06-03
CUST-02857,Synthetic Customer 02857,Consumer,Frankfurt,DE,2023-07-23
CUST-02858,Synthetic Customer 02858,Small Business,Paris,FR,2021-12-16
CUST-02859,Synthetic Customer 02859,Small Business,Stuttgart,DE,2024-07-18
CUST-02860,Synthetic Customer 02860,Small Business,Cologne,DE,2024-03-25
CUST-02861,Synthetic Customer 02861,Consumer,Berlin,DE,2023-02-18
CUST-02862,Synthetic Customer 02862,Consumer,Leipzig,DE,2021-09-28
CUST-02863,Synthetic Customer 02863,Small Business,Berlin,DE,2024-07-17
CUST-02864,Synthetic Customer 02864,Mid-Market,Paris,FR,2024-03-26
CUST-02865,Synthetic Customer 02865,Consumer,Warsaw,PL,2022-10-25
CUST-02866,Synthetic Customer 02866,Consumer,Berlin,DE,2023-10-04
CUST-02867,Synthetic Customer 02867,Consumer,Brussels,BE,2023-10-09
CUST-02868,Synthetic Customer 02868,Small Business,Düsseldorf,DE,2024-11-28
CUST-02869,Synthetic Customer 02869,Enterprise,Berlin,DE,2022-08-19
CUST-02870,Synthetic Customer 02870,Consumer,Hamburg,DE,2024-01-02
CUST-02871,Synthetic Customer 02871,Consumer,Hamburg,DE,2024-04-14
CUST-02872,Synthetic Customer 02872,Consumer,Prague,CZ,2023-01-24
CUST-02873,Synthetic Customer 02873,Small Business,Cologne,DE,2024-08-22
CUST-02874,Synthetic Customer 02874,Consumer,Vienna,AT,2024-12-19
CUST-02875,Synthetic Customer 02875,Small Business,Berlin,DE,2025-05-23
CUST-02876,Synthetic Customer 02876,Consumer,Düsseldorf,DE,2022-04-27
CUST-02877,Synthetic Customer 02877,Consumer,Stuttgart,DE,2025-07-07
CUST-02878,Synthetic Customer 02878,Consumer,Hamburg,DE,2021-09-16
CUST-02879,Synthetic Customer 02879,Consumer,Prague,CZ,2024-10-27
CUST-02880,Synthetic Customer 02880,Mid-Market,Munich,DE,2024-11-12
CUST-02881,Synthetic Customer 02881,Consumer,Amsterdam,NL,2022-01-03
CUST-02882,Synthetic Customer 02882,Small Business,Frankfurt,DE,2024-01-23
CUST-02883,Synthetic Customer 02883,Enterprise,Berlin,DE,2024-04-02
CUST-02884,Synthetic Customer 02884,Consumer,Stuttgart,DE,2025-01-29
CUST-02885,Synthetic Customer 02885,Consumer,Frankfurt,DE,2023-11-23
CUST-02886,Synthetic Customer 02886,Mid-Market,Berlin,DE,2024-12-21
CUST-02887,Synthetic Customer 02887,Small Business,Berlin,DE,2023-05-30
CUST-02888,Synthetic Customer 02888,Small Business,Düsseldorf,DE,2022-03-18
CUST-02889,Synthetic Customer 02889,Enterprise,Paris,FR,2024-03-28
CUST-02890,Synthetic Customer 02890,Small Business,Warsaw,PL,2024-11-15
CUST-02891,Synthetic Customer 02891,Consumer,Munich,DE,2022-06-22
CUST-02892,Synthetic Customer 02892,Small Business,Düsseldorf,DE,2024-04-10
CUST-02893,Synthetic Customer 02893,Consumer,Frankfurt,DE,2022-03-07
CUST-02894,Synthetic Customer 02894,Consumer,Munich,DE,2023-07-23
CUST-02895,Synthetic Customer 02895,Consumer,Cologne,DE,2022-05-15
CUST-02896,Synthetic Customer 02896,Consumer,Prague,CZ,2024-07-19
CUST-02897,Synthetic Customer 02897,Consumer,Düsseldorf,DE,2022-05-04
CUST-02898,Synthetic Customer 02898,Small Business,Brussels,BE,2024-07-07
CUST-02899,Synthetic Customer 02899,Consumer,Düsseldorf,DE,2024-12-29
CUST-02900,Synthetic Customer 02900,Consumer,Munich,DE,2025-01-31
CUST-02901,Synthetic Customer 02901,Small Business,Stuttgart,DE,2024-11-24
CUST-02902,Synthetic Customer 02902,Mid-Market,Frankfurt,DE,2024-04-19
CUST-02903,Synthetic Customer 02903,Mid-Market,Prague,CZ,2023-02-27
CUST-02904,Synthetic Customer 02904,Small Business,Berlin,DE,2024-04-13
CUST-02905,Synthetic Customer 02905,Consumer,Frankfurt,DE,2024-01-18
CUST-02906,Synthetic Customer 02906,Small Business,Brussels,BE,2023-12-03
CUST-02907,Synthetic Customer 02907,Consumer,Amsterdam,NL,2025-03-25
CUST-02908,Synthetic Customer 02908,Consumer,Hamburg,DE,2024-02-28
CUST-02909,Synthetic Customer 02909,Consumer,Hamburg,DE,2024-01-23
CUST-02910,Synthetic Customer 02910,Consumer,Prague,CZ,2023-07-16
CUST-02911,Synthetic Customer 02911,Consumer,Cologne,DE,2023-02-10
CUST-02912,Synthetic Customer 02912,Consumer,Munich,DE,2025-06-23
CUST-02913,Synthetic Customer 02913,Consumer,Amsterdam,NL,2025-02-10
CUST-02914,Synthetic Customer 02914,Consumer,Berlin,DE,2022-04-22
CUST-02915,Synthetic Customer 02915,Consumer,Berlin,DE,2022-07-17
CUST-02916,Synthetic Customer 02916,Small Business,Warsaw,PL,2025-07-03
CUST-02917,Synthetic Customer 02917,Enterprise,Brussels,BE,2022-02-02
CUST-02918,Synthetic Customer 02918,Consumer,Cologne,DE,2024-07-01
CUST-02919,Synthetic Customer 02919,Consumer,Frankfurt,DE,2022-01-03
CUST-02920,Synthetic Customer 02920,Small Business,Frankfurt,DE,2021-10-04
CUST-02921,Synthetic Customer 02921,Mid-Market,Berlin,DE,2024-02-18
CUST-02922,Synthetic Customer 02922,Consumer,Cologne,DE,2021-11-26
CUST-02923,Synthetic Customer 02923,Small Business,Stuttgart,DE,2025-05-19
CUST-02924,Synthetic Customer 02924,Mid-Market,Berlin,DE,2023-07-25
CUST-02925,Synthetic Customer 02925,Mid-Market,Munich,DE,2022-03-26
CUST-02926,Synthetic Customer 02926,Small Business,Cologne,DE,2023-03-31
CUST-02927,Synthetic Customer 02927,Consumer,Prague,CZ,2022-09-16
CUST-02928,Synthetic Customer 02928,Small Business,Hamburg,DE,2025-03-04
CUST-02929,Synthetic Customer 02929,Mid-Market,Paris,FR,2025-05-15
CUST-02930,Synthetic Customer 02930,Small Business,Frankfurt,DE,2022-09-30
CUST-02931,Synthetic Customer 02931,Small Business,Berlin,DE,2023-12-29
CUST-02932,Synthetic Customer 02932,Consumer,Hamburg,DE,2022-06-30
CUST-02933,Synthetic Customer 02933,Mid-Market,Berlin,DE,2023-08-15
CUST-02934,Synthetic Customer 02934,Consumer,Munich,DE,2022-04-09
CUST-02935,Synthetic Customer 02935,Consumer,Stuttgart,DE,2024-09-30
CUST-02936,Synthetic Customer 02936,Mid-Market,Frankfurt,DE,2022-12-12
CUST-02937,Synthetic Customer 02937,Mid-Market,Munich,DE,2022-01-20
CUST-02938,Synthetic Customer 02938,Consumer,Munich,DE,2023-04-05
CUST-02939,Synthetic Customer 02939,Consumer,Munich,DE,2024-09-26
CUST-02940,Synthetic Customer 02940,Enterprise,Munich,DE,2024-05-26
CUST-02941,Synthetic Customer 02941,Consumer,Munich,DE,2023-08-18
CUST-02942,Synthetic Customer 02942,Mid-Market,Frankfurt,DE,2024-01-18
CUST-02943,Synthetic Customer 02943,Consumer,Munich,DE,2025-05-09
CUST-02944,Synthetic Customer 02944,Consumer,Munich,DE,2022-12-21
CUST-02945,Synthetic Customer 02945,Small Business,Berlin,DE,2022-07-04
CUST-02946,Synthetic Customer 02946,Consumer,Hamburg,DE,2021-09-15
CUST-02947,Synthetic Customer 02947,Consumer,Hamburg,DE,2024-08-03
CUST-02948,Synthetic Customer 02948,Consumer,Hamburg,DE,2024-06-09
CUST-02949,Synthetic Customer 02949,Small Business,Cologne,DE,2023-12-16
CUST-02950,Synthetic Customer 02950,Consumer,Amsterdam,NL,2025-07-11
CUST-02951,Synthetic Customer 02951,Consumer,Munich,DE,2022-05-01
CUST-02952,Synthetic Customer 02952,Small Business,Amsterdam,NL,2025-04-14
CUST-02953,Synthetic Customer 02953,Consumer,Berlin,DE,2021-10-04
CUST-02954,Synthetic Customer 02954,Small Business,Hamburg,DE,2024-06-10
CUST-02955,Synthetic Customer 02955,Consumer,Hamburg,DE,2023-02-09
CUST-02956,Synthetic Customer 02956,Small Business,Munich,DE,2024-10-22
CUST-02957,Synthetic Customer 02957,Consumer,Berlin,DE,2025-04-30
CUST-02958,Synthetic Customer 02958,Consumer,Düsseldorf,DE,2024-11-06
CUST-02959,Synthetic Customer 02959,Mid-Market,Stuttgart,DE,2024-04-08
CUST-02960,Synthetic Customer 02960,Small Business,Amsterdam,NL,2023-05-07
CUST-02961,Synthetic Customer 02961,Mid-Market,Frankfurt,DE,2024-03-29
CUST-02962,Synthetic Customer 02962,Consumer,Hamburg,DE,2023-05-19
CUST-02963,Synthetic Customer 02963,Consumer,Hamburg,DE,2022-09-17
CUST-02964,Synthetic Customer 02964,Consumer,Munich,DE,2023-05-29
CUST-02965,Synthetic Customer 02965,Small Business,Berlin,DE,2022-10-27
CUST-02966,Synthetic Customer 02966,Consumer,Hamburg,DE,2024-08-15
CUST-02967,Synthetic Customer 02967,Small Business,Cologne,DE,2023-10-04
CUST-02968,Synthetic Customer 02968,Consumer,Berlin,DE,2024-04-22
CUST-02969,Synthetic Customer 02969,Small Business,Berlin,DE,2021-09-19
CUST-02970,Synthetic Customer 02970,Consumer,Düsseldorf,DE,2023-02-06
CUST-02971,Synthetic Customer 02971,Consumer,Berlin,DE,2022-12-08
CUST-02972,Synthetic Customer 02972,Consumer,Berlin,DE,2024-01-15
CUST-02973,Synthetic Customer 02973,Small Business,Prague,CZ,2024-02-08
CUST-02974,Synthetic Customer 02974,Consumer,Berlin,DE,2023-10-28
CUST-02975,Synthetic Customer 02975,Consumer,Berlin,DE,2025-05-14
CUST-02976,Synthetic Customer 02976,Consumer,Düsseldorf,DE,2021-09-17
CUST-02977,Synthetic Customer 02977,Consumer,Warsaw,PL,2023-01-31
CUST-02978,Synthetic Customer 02978,Consumer,Munich,DE,2022-05-13
CUST-02979,Synthetic Customer 02979,Consumer,Hamburg,DE,2024-06-29
CUST-02980,Synthetic Customer 02980,Consumer,Düsseldorf,DE,2022-04-19
CUST-02981,Synthetic Customer 02981,Consumer,Warsaw,PL,2025-02-01
CUST-02982,Synthetic Customer 02982,Consumer,Frankfurt,DE,2023-02-28
CUST-02983,Synthetic Customer 02983,Consumer,Hamburg,DE,2025-06-02
CUST-02984,Synthetic Customer 02984,Consumer,Stuttgart,DE,2023-05-02
CUST-02985,Synthetic Customer 02985,Small Business,Munich,DE,2021-11-21
CUST-02986,Synthetic Customer 02986,Small Business,Munich,DE,2022-09-20
CUST-02987,Synthetic Customer 02987,Consumer,Warsaw,PL,2023-12-23
CUST-02988,Synthetic Customer 02988,Consumer,Berlin,DE,2024-07-01
CUST-02989,Synthetic Customer 02989,Enterprise,Hamburg,DE,2023-03-22
CUST-02990,Synthetic Customer 02990,Consumer,Prague,CZ,2024-05-03
CUST-02991,Synthetic Customer 02991,Consumer,Hamburg,DE,2024-03-26
CUST-02992,Synthetic Customer 02992,Consumer,Hamburg,DE,2024-07-21
CUST-02993,Synthetic Customer 02993,Mid-Market,Berlin,DE,2023-02-02
CUST-02994,Synthetic Customer 02994,Consumer,Düsseldorf,DE,2021-09-21
CUST-02995,Synthetic Customer 02995,Consumer,Amsterdam,NL,2023-04-14
CUST-02996,Synthetic Customer 02996,Consumer,Frankfurt,DE,2025-05-20
CUST-02997,Synthetic Customer 02997,Consumer,Berlin,DE,2023-05-13
CUST-02998,Synthetic Customer 02998,Consumer,Cologne,DE,2024-04-18
CUST-02999,Synthetic Customer 02999,Small Business,Berlin,DE,2023-06-28
CUST-03000,Synthetic Customer 03000,Consumer,Frankfurt,DE,2023-10-03
CUST-03001,Synthetic Customer 03001,Consumer,Berlin,DE,2025-01-24
CUST-03002,Synthetic Customer 03002,Consumer,Warsaw,PL,2024-08-15
CUST-03003,Synthetic Customer 03003,Consumer,Leipzig,DE,2023-10-22
CUST-03004,Synthetic Customer 03004,Mid-Market,Stuttgart,DE,2024-05-02
CUST-03005,Synthetic Customer 03005,Consumer,Paris,FR,2025-01-13
CUST-03006,Synthetic Customer 03006,Small Business,Vienna,AT,2024-04-18
CUST-03007,Synthetic Customer 03007,Consumer,Cologne,DE,2021-09-30
CUST-03008,Synthetic Customer 03008,Consumer,Düsseldorf,DE,2024-08-11
CUST-03009,Synthetic Customer 03009,Consumer,Munich,DE,2024-12-13
CUST-03010,Synthetic Customer 03010,Small Business,Hamburg,DE,2022-03-08
CUST-03011,Synthetic Customer 03011,Consumer,Berlin,DE,2023-07-10
CUST-03012,Synthetic Customer 03012,Consumer,Paris,FR,2025-02-26
CUST-03013,Synthetic Customer 03013,Consumer,Hamburg,DE,2022-09-07
CUST-03014,Synthetic Customer 03014,Consumer,Düsseldorf,DE,2024-07-12
CUST-03015,Synthetic Customer 03015,Consumer,Hamburg,DE,2022-10-13
CUST-03016,Synthetic Customer 03016,Consumer,Warsaw,PL,2023-10-30
CUST-03017,Synthetic Customer 03017,Small Business,Munich,DE,2023-06-20
CUST-03018,Synthetic Customer 03018,Consumer,Cologne,DE,2022-08-05
CUST-03019,Synthetic Customer 03019,Consumer,Berlin,DE,2024-09-12
CUST-03020,Synthetic Customer 03020,Consumer,Munich,DE,2022-08-10
CUST-03021,Synthetic Customer 03021,Consumer,Berlin,DE,2025-04-12
CUST-03022,Synthetic Customer 03022,Mid-Market,Paris,FR,2023-11-29
CUST-03023,Synthetic Customer 03023,Mid-Market,Berlin,DE,2021-09-22
CUST-03024,Synthetic Customer 03024,Consumer,Paris,FR,2025-02-01
CUST-03025,Synthetic Customer 03025,Consumer,Munich,DE,2025-04-01
CUST-03026,Synthetic Customer 03026,Consumer,Leipzig,DE,2022-02-19
CUST-03027,Synthetic Customer 03027,Consumer,Brussels,BE,2024-10-08
CUST-03028,Synthetic Customer 03028,Consumer,Hamburg,DE,2024-07-30
CUST-03029,Synthetic Customer 03029,Mid-Market,Berlin,DE,2023-07-08
CUST-03030,Synthetic Customer 03030,Small Business,Frankfurt,DE,2025-03-31
CUST-03031,Synthetic Customer 03031,Small Business,Berlin,DE,2023-11-28
CUST-03032,Synthetic Customer 03032,Small Business,Cologne,DE,2022-12-25
CUST-03033,Synthetic Customer 03033,Consumer,Frankfurt,DE,2022-06-27
CUST-03034,Synthetic Customer 03034,Small Business,Frankfurt,DE,2025-01-25
CUST-03035,Synthetic Customer 03035,Mid-Market,Prague,CZ,2022-01-31
CUST-03036,Synthetic Customer 03036,Consumer,Berlin,DE,2024-01-22
CUST-03037,Synthetic Customer 03037,Consumer,Berlin,DE,2022-05-27
CUST-03038,Synthetic Customer 03038,Consumer,Berlin,DE,2024-11-06
CUST-03039,Synthetic Customer 03039,Mid-Market,Berlin,DE,2025-03-18
CUST-03040,Synthetic Customer 03040,Consumer,Prague,CZ,2024-10-18
CUST-03041,Synthetic Customer 03041,Consumer,Prague,CZ,2024-03-14
CUST-03042,Synthetic Customer 03042,Consumer,Berlin,DE,2024-11-30
CUST-03043,Synthetic Customer 03043,Consumer,Munich,DE,2022-07-13
CUST-03044,Synthetic Customer 03044,Enterprise,Munich,DE,2022-12-12
CUST-03045,Synthetic Customer 03045,Mid-Market,Düsseldorf,DE,2021-12-08
CUST-03046,Synthetic Customer 03046,Small Business,Berlin,DE,2021-09-13
CUST-03047,Synthetic Customer 03047,Consumer,Düsseldorf,DE,2022-07-03
CUST-03048,Synthetic Customer 03048,Consumer,Berlin,DE,2023-06-16
CUST-03049,Synthetic Customer 03049,Consumer,Berlin,DE,2024-11-10
CUST-03050,Synthetic Customer 03050,Small Business,Hamburg,DE,2023-02-23
CUST-03051,Synthetic Customer 03051,Small Business,Hamburg,DE,2024-04-23
CUST-03052,Synthetic Customer 03052,Consumer,Cologne,DE,2024-04-10
CUST-03053,Synthetic Customer 03053,Enterprise,Hamburg,DE,2022-04-26
CUST-03054,Synthetic Customer 03054,Consumer,Stuttgart,DE,2023-05-11
CUST-03055,Synthetic Customer 03055,Consumer,Warsaw,PL,2024-09-16
CUST-03056,Synthetic Customer 03056,Consumer,Prague,CZ,2024-05-06
CUST-03057,Synthetic Customer 03057,Consumer,Warsaw,PL,2023-08-22
CUST-03058,Synthetic Customer 03058,Consumer,Berlin,DE,2023-10-26
CUST-03059,Synthetic Customer 03059,Consumer,Munich,DE,2025-06-09
CUST-03060,Synthetic Customer 03060,Consumer,Berlin,DE,2024-02-04
CUST-03061,Synthetic Customer 03061,Small Business,Cologne,DE,2023-03-06
CUST-03062,Synthetic Customer 03062,Mid-Market,Hamburg,DE,2025-01-06
CUST-03063,Synthetic Customer 03063,Consumer,Amsterdam,NL,2023-04-26
CUST-03064,Synthetic Customer 03064,Consumer,Hamburg,DE,2024-08-01
CUST-03065,Synthetic Customer 03065,Mid-Market,Vienna,AT,2023-07-06
CUST-03066,Synthetic Customer 03066,Consumer,Düsseldorf,DE,2023-07-09
CUST-03067,Synthetic Customer 03067,Consumer,Hamburg,DE,2022-09-30
CUST-03068,Synthetic Customer 03068,Consumer,Stuttgart,DE,2023-01-16
CUST-03069,Synthetic Customer 03069,Consumer,Leipzig,DE,2022-11-15
CUST-03070,Synthetic Customer 03070,Consumer,Leipzig,DE,2023-10-11
CUST-03071,Synthetic Customer 03071,Consumer,Munich,DE,2021-12-29
CUST-03072,Synthetic Customer 03072,Consumer,Cologne,DE,2022-06-14
CUST-03073,Synthetic Customer 03073,Consumer,Berlin,DE,2024-11-07
CUST-03074,Synthetic Customer 03074,Mid-Market,Berlin,DE,2021-11-02
CUST-03075,Synthetic Customer 03075,Consumer,Berlin,DE,2024-04-24
CUST-03076,Synthetic Customer 03076,Small Business,Berlin,DE,2024-07-11
CUST-03077,Synthetic Customer 03077,Consumer,Frankfurt,DE,2022-06-26
CUST-03078,Synthetic Customer 03078,Consumer,Berlin,DE,2022-07-04
CUST-03079,Synthetic Customer 03079,Consumer,Frankfurt,DE,2022-07-04
CUST-03080,Synthetic Customer 03080,Small Business,Munich,DE,2023-06-13
CUST-03081,Synthetic Customer 03081,Consumer,Stuttgart,DE,2025-03-13
CUST-03082,Synthetic Customer 03082,Consumer,Brussels,BE,2025-07-12
CUST-03083,Synthetic Customer 03083,Consumer,Berlin,DE,2023-09-22
CUST-03084,Synthetic Customer 03084,Consumer,Berlin,DE,2022-04-08
CUST-03085,Synthetic Customer 03085,Consumer,Berlin,DE,2022-04-07
CUST-03086,Synthetic Customer 03086,Enterprise,Munich,DE,2022-01-19
CUST-03087,Synthetic Customer 03087,Small Business,Berlin,DE,2024-03-05
CUST-03088,Synthetic Customer 03088,Consumer,Prague,CZ,2024-07-01
CUST-03089,Synthetic Customer 03089,Small Business,Düsseldorf,DE,2025-03-22
CUST-03090,Synthetic Customer 03090,Consumer,Düsseldorf,DE,2022-10-14
CUST-03091,Synthetic Customer 03091,Consumer,Paris,FR,2022-08-07
CUST-03092,Synthetic Customer 03092,Consumer,Cologne,DE,2024-05-19
CUST-03093,Synthetic Customer 03093,Consumer,Düsseldorf,DE,2022-11-30
CUST-03094,Synthetic Customer 03094,Consumer,Frankfurt,DE,2022-05-19
CUST-03095,Synthetic Customer 03095,Consumer,Munich,DE,2024-08-31
CUST-03096,Synthetic Customer 03096,Small Business,Cologne,DE,2023-12-06
CUST-03097,Synthetic Customer 03097,Consumer,Frankfurt,DE,2025-04-13
CUST-03098,Synthetic Customer 03098,Small Business,Hamburg,DE,2024-01-25
CUST-03099,Synthetic Customer 03099,Small Business,Düsseldorf,DE,2024-10-19
CUST-03100,Synthetic Customer 03100,Small Business,Hamburg,DE,2025-03-26
CUST-03101,Synthetic Customer 03101,Consumer,Leipzig,DE,2024-03-25
CUST-03102,Synthetic Customer 03102,Consumer,Munich,DE,2023-09-11
CUST-03103,Synthetic Customer 03103,Consumer,Hamburg,DE,2024-02-02
CUST-03104,Synthetic Customer 03104,Small Business,Munich,DE,2024-11-26
CUST-03105,Synthetic Customer 03105,Consumer,Leipzig,DE,2022-08-31
CUST-03106,Synthetic Customer 03106,Small Business,Frankfurt,DE,2022-05-17
CUST-03107,Synthetic Customer 03107,Consumer,Frankfurt,DE,2023-04-24
CUST-03108,Synthetic Customer 03108,Consumer,Berlin,DE,2025-04-01
CUST-03109,Synthetic Customer 03109,Consumer,Amsterdam,NL,2022-06-26
CUST-03110,Synthetic Customer 03110,Consumer,Berlin,DE,2024-10-18
CUST-03111,Synthetic Customer 03111,Consumer,Munich,DE,2023-12-20
CUST-03112,Synthetic Customer 03112,Small Business,Munich,DE,2021-10-27
CUST-03113,Synthetic Customer 03113,Consumer,Düsseldorf,DE,2024-09-09
CUST-03114,Synthetic Customer 03114,Small Business,Cologne,DE,2025-05-18
CUST-03115,Synthetic Customer 03115,Consumer,Hamburg,DE,2023-09-15
CUST-03116,Synthetic Customer 03116,Consumer,Leipzig,DE,2024-10-09
CUST-03117,Synthetic Customer 03117,Consumer,Vienna,AT,2022-11-25
CUST-03118,Synthetic Customer 03118,Consumer,Düsseldorf,DE,2022-03-17
CUST-03119,Synthetic Customer 03119,Consumer,Berlin,DE,2024-01-30
CUST-03120,Synthetic Customer 03120,Consumer,Paris,FR,2023-04-10
CUST-03121,Synthetic Customer 03121,Consumer,Düsseldorf,DE,2022-05-15
CUST-03122,Synthetic Customer 03122,Consumer,Berlin,DE,2023-07-18
CUST-03123,Synthetic Customer 03123,Mid-Market,Leipzig,DE,2023-03-14
CUST-03124,Synthetic Customer 03124,Consumer,Munich,DE,2025-05-16
CUST-03125,Synthetic Customer 03125,Consumer,Frankfurt,DE,2024-05-18
CUST-03126,Synthetic Customer 03126,Consumer,Berlin,DE,2024-11-15
CUST-03127,Synthetic Customer 03127,Consumer,Munich,DE,2024-01-20
CUST-03128,Synthetic Customer 03128,Mid-Market,Hamburg,DE,2023-02-06
CUST-03129,Synthetic Customer 03129,Small Business,Hamburg,DE,2024-01-14
CUST-03130,Synthetic Customer 03130,Mid-Market,Cologne,DE,2022-05-13
CUST-03131,Synthetic Customer 03131,Small Business,Cologne,DE,2024-03-30
CUST-03132,Synthetic Customer 03132,Enterprise,Paris,FR,2023-04-19
CUST-03133,Synthetic Customer 03133,Consumer,Munich,DE,2021-10-28
CUST-03134,Synthetic Customer 03134,Consumer,Munich,DE,2023-03-16
CUST-03135,Synthetic Customer 03135,Consumer,Prague,CZ,2023-01-26
CUST-03136,Synthetic Customer 03136,Consumer,Stuttgart,DE,2023-08-05
CUST-03137,Synthetic Customer 03137,Consumer,Munich,DE,2023-11-26
CUST-03138,Synthetic Customer 03138,Consumer,Hamburg,DE,2025-05-20
CUST-03139,Synthetic Customer 03139,Consumer,Berlin,DE,2023-01-25
CUST-03140,Synthetic Customer 03140,Small Business,Frankfurt,DE,2025-01-23
CUST-03141,Synthetic Customer 03141,Consumer,Frankfurt,DE,2022-08-22
CUST-03142,Synthetic Customer 03142,Consumer,Warsaw,PL,2023-08-26
CUST-03143,Synthetic Customer 03143,Consumer,Hamburg,DE,2023-03-27
CUST-03144,Synthetic Customer 03144,Consumer,Paris,FR,2024-08-07
CUST-03145,Synthetic Customer 03145,Consumer,Düsseldorf,DE,2022-06-01
CUST-03146,Synthetic Customer 03146,Consumer,Cologne,DE,2022-05-25
CUST-03147,Synthetic Customer 03147,Consumer,Berlin,DE,2022-01-20
CUST-03148,Synthetic Customer 03148,Small Business,Stuttgart,DE,2023-02-25
CUST-03149,Synthetic Customer 03149,Small Business,Frankfurt,DE,2022-05-16
CUST-03150,Synthetic Customer 03150,Consumer,Berlin,DE,2024-03-10
CUST-03151,Synthetic Customer 03151,Small Business,Amsterdam,NL,2024-01-18
CUST-03152,Synthetic Customer 03152,Consumer,Berlin,DE,2025-03-23
CUST-03153,Synthetic Customer 03153,Consumer,Munich,DE,2022-04-27
CUST-03154,Synthetic Customer 03154,Consumer,Cologne,DE,2023-09-24
CUST-03155,Synthetic Customer 03155,Consumer,Berlin,DE,2022-11-18
CUST-03156,Synthetic Customer 03156,Consumer,Hamburg,DE,2023-03-27
CUST-03157,Synthetic Customer 03157,Consumer,Paris,FR,2023-09-22
CUST-03158,Synthetic Customer 03158,Consumer,Berlin,DE,2025-04-26
CUST-03159,Synthetic Customer 03159,Consumer,Frankfurt,DE,2024-07-08
CUST-03160,Synthetic Customer 03160,Small Business,Frankfurt,DE,2022-09-20
CUST-03161,Synthetic Customer 03161,Consumer,Berlin,DE,2024-02-26
CUST-03162,Synthetic Customer 03162,Consumer,Hamburg,DE,2024-12-10
CUST-03163,Synthetic Customer 03163,Mid-Market,Hamburg,DE,2024-04-05
CUST-03164,Synthetic Customer 03164,Small Business,Frankfurt,DE,2024-05-15
CUST-03165,Synthetic Customer 03165,Mid-Market,Munich,DE,2024-12-17
CUST-03166,Synthetic Customer 03166,Consumer,Prague,CZ,2022-06-08
CUST-03167,Synthetic Customer 03167,Enterprise,Warsaw,PL,2023-08-05
CUST-03168,Synthetic Customer 03168,Small Business,Hamburg,DE,2024-09-29
CUST-03169,Synthetic Customer 03169,Small Business,Frankfurt,DE,2021-09-15
CUST-03170,Synthetic Customer 03170,Consumer,Berlin,DE,2024-04-22
CUST-03171,Synthetic Customer 03171,Consumer,Brussels,BE,2023-09-03
CUST-03172,Synthetic Customer 03172,Consumer,Frankfurt,DE,2022-09-27
CUST-03173,Synthetic Customer 03173,Consumer,Cologne,DE,2022-08-18
CUST-03174,Synthetic Customer 03174,Mid-Market,Frankfurt,DE,2024-12-10
CUST-03175,Synthetic Customer 03175,Consumer,Vienna,AT,2022-10-31
CUST-03176,Synthetic Customer 03176,Mid-Market,Hamburg,DE,2023-08-22
CUST-03177,Synthetic Customer 03177,Small Business,Munich,DE,2024-10-05
CUST-03178,Synthetic Customer 03178,Consumer,Frankfurt,DE,2023-06-18
CUST-03179,Synthetic Customer 03179,Small Business,Munich,DE,2022-03-23
CUST-03180,Synthetic Customer 03180,Consumer,Leipzig,DE,2025-03-15
CUST-03181,Synthetic Customer 03181,Consumer,Leipzig,DE,2024-05-10
CUST-03182,Synthetic Customer 03182,Consumer,Berlin,DE,2022-09-22
CUST-03183,Synthetic Customer 03183,Mid-Market,Hamburg,DE,2025-01-12
CUST-03184,Synthetic Customer 03184,Consumer,Paris,FR,2021-10-08
CUST-03185,Synthetic Customer 03185,Consumer,Leipzig,DE,2022-10-06
CUST-03186,Synthetic Customer 03186,Mid-Market,Munich,DE,2023-11-13
CUST-03187,Synthetic Customer 03187,Consumer,Munich,DE,2025-05-17
CUST-03188,Synthetic Customer 03188,Consumer,Berlin,DE,2024-12-03
CUST-03189,Synthetic Customer 03189,Consumer,Berlin,DE,2023-05-14
CUST-03190,Synthetic Customer 03190,Small Business,Vienna,AT,2024-01-27
CUST-03191,Synthetic Customer 03191,Consumer,Munich,DE,2021-11-28
CUST-03192,Synthetic Customer 03192,Small Business,Berlin,DE,2025-05-28
CUST-03193,Synthetic Customer 03193,Consumer,Stuttgart,DE,2023-04-10
CUST-03194,Synthetic Customer 03194,Consumer,Munich,DE,2023-08-15
CUST-03195,Synthetic Customer 03195,Consumer,Vienna,AT,2024-05-17
CUST-03196,Synthetic Customer 03196,Small Business,Warsaw,PL,2023-01-31
CUST-03197,Synthetic Customer 03197,Mid-Market,Düsseldorf,DE,2023-11-01
CUST-03198,Synthetic Customer 03198,Consumer,Frankfurt,DE,2023-12-16
CUST-03199,Synthetic Customer 03199,Enterprise,Leipzig,DE,2025-07-22
CUST-03200,Synthetic Customer 03200,Mid-Market,Warsaw,PL,2023-02-05
CUST-03201,Synthetic Customer 03201,Consumer,Stuttgart,DE,2021-12-09
CUST-03202,Synthetic Customer 03202,Consumer,Munich,DE,2022-01-01
CUST-03203,Synthetic Customer 03203,Consumer,Berlin,DE,2024-11-27
CUST-03204,Synthetic Customer 03204,Consumer,Hamburg,DE,2024-12-23
CUST-03205,Synthetic Customer 03205,Consumer,Leipzig,DE,2023-01-10
CUST-03206,Synthetic Customer 03206,Small Business,Leipzig,DE,2023-12-06
CUST-03207,Synthetic Customer 03207,Consumer,Vienna,AT,2022-03-13
CUST-03208,Synthetic Customer 03208,Mid-Market,Vienna,AT,2025-02-01
CUST-03209,Synthetic Customer 03209,Consumer,Amsterdam,NL,2023-07-19
CUST-03210,Synthetic Customer 03210,Enterprise,Berlin,DE,2024-08-25
CUST-03211,Synthetic Customer 03211,Mid-Market,Hamburg,DE,2022-07-30
CUST-03212,Synthetic Customer 03212,Consumer,Cologne,DE,2024-04-08
CUST-03213,Synthetic Customer 03213,Enterprise,Warsaw,PL,2024-08-05
CUST-03214,Synthetic Customer 03214,Consumer,Munich,DE,2024-03-08
CUST-03215,Synthetic Customer 03215,Enterprise,Prague,CZ,2022-07-28
CUST-03216,Synthetic Customer 03216,Consumer,Paris,FR,2023-08-25
CUST-03217,Synthetic Customer 03217,Consumer,Stuttgart,DE,2022-12-10
CUST-03218,Synthetic Customer 03218,Small Business,Frankfurt,DE,2025-05-10
CUST-03219,Synthetic Customer 03219,Consumer,Warsaw,PL,2022-01-01
CUST-03220,Synthetic Customer 03220,Consumer,Cologne,DE,2022-08-04
CUST-03221,Synthetic Customer 03221,Small Business,Stuttgart,DE,2022-07-18
CUST-03222,Synthetic Customer 03222,Consumer,Berlin,DE,2021-11-19
CUST-03223,Synthetic Customer 03223,Consumer,Berlin,DE,2024-06-20
CUST-03224,Synthetic Customer 03224,Consumer,Düsseldorf,DE,2022-06-28
CUST-03225,Synthetic Customer 03225,Consumer,Berlin,DE,2023-02-10
CUST-03226,Synthetic Customer 03226,Mid-Market,Frankfurt,DE,2024-09-05
CUST-03227,Synthetic Customer 03227,Consumer,Stuttgart,DE,2023-02-05
CUST-03228,Synthetic Customer 03228,Small Business,Berlin,DE,2024-05-01
CUST-03229,Synthetic Customer 03229,Consumer,Frankfurt,DE,2024-01-06
CUST-03230,Synthetic Customer 03230,Consumer,Vienna,AT,2024-07-18
CUST-03231,Synthetic Customer 03231,Small Business,Frankfurt,DE,2023-11-24
CUST-03232,Synthetic Customer 03232,Consumer,Leipzig,DE,2024-06-06
CUST-03233,Synthetic Customer 03233,Small Business,Berlin,DE,2022-08-21
CUST-03234,Synthetic Customer 03234,Consumer,Berlin,DE,2022-10-13
CUST-03235,Synthetic Customer 03235,Consumer,Vienna,AT,2024-06-04
CUST-03236,Synthetic Customer 03236,Consumer,Munich,DE,2021-10-10
CUST-03237,Synthetic Customer 03237,Mid-Market,Cologne,DE,2024-03-22
CUST-03238,Synthetic Customer 03238,Consumer,Düsseldorf,DE,2023-09-17
CUST-03239,Synthetic Customer 03239,Consumer,Munich,DE,2024-01-17
CUST-03240,Synthetic Customer 03240,Consumer,Frankfurt,DE,2024-05-12
CUST-03241,Synthetic Customer 03241,Consumer,Amsterdam,NL,2022-10-04
CUST-03242,Synthetic Customer 03242,Small Business,Cologne,DE,2024-02-11
CUST-03243,Synthetic Customer 03243,Consumer,Cologne,DE,2022-10-24
CUST-03244,Synthetic Customer 03244,Consumer,Amsterdam,NL,2025-07-19
CUST-03245,Synthetic Customer 03245,Consumer,Brussels,BE,2025-03-14
CUST-03246,Synthetic Customer 03246,Consumer,Munich,DE,2023-02-15
CUST-03247,Synthetic Customer 03247,Small Business,Berlin,DE,2021-12-20
CUST-03248,Synthetic Customer 03248,Small Business,Berlin,DE,2024-05-20
CUST-03249,Synthetic Customer 03249,Small Business,Cologne,DE,2024-06-22
CUST-03250,Synthetic Customer 03250,Consumer,Frankfurt,DE,2022-12-27
CUST-03251,Synthetic Customer 03251,Consumer,Berlin,DE,2022-06-14
CUST-03252,Synthetic Customer 03252,Consumer,Stuttgart,DE,2022-03-19
CUST-03253,Synthetic Customer 03253,Mid-Market,Vienna,AT,2024-02-22
CUST-03254,Synthetic Customer 03254,Consumer,Düsseldorf,DE,2023-07-08
CUST-03255,Synthetic Customer 03255,Consumer,Stuttgart,DE,2024-02-17
CUST-03256,Synthetic Customer 03256,Mid-Market,Hamburg,DE,2021-12-03
CUST-03257,Synthetic Customer 03257,Consumer,Leipzig,DE,2022-02-28
CUST-03258,Synthetic Customer 03258,Mid-Market,Munich,DE,2021-11-20
CUST-03259,Synthetic Customer 03259,Small Business,Hamburg,DE,2025-06-15
CUST-03260,Synthetic Customer 03260,Consumer,Vienna,AT,2024-06-18
CUST-03261,Synthetic Customer 03261,Consumer,Hamburg,DE,2025-03-02
CUST-03262,Synthetic Customer 03262,Consumer,Hamburg,DE,2024-12-30
CUST-03263,Synthetic Customer 03263,Consumer,Stuttgart,DE,2022-09-17
CUST-03264,Synthetic Customer 03264,Consumer,Leipzig,DE,2023-12-06
CUST-03265,Synthetic Customer 03265,Consumer,Munich,DE,2023-09-13
CUST-03266,Synthetic Customer 03266,Small Business,Vienna,AT,2023-05-21
CUST-03267,Synthetic Customer 03267,Small Business,Frankfurt,DE,2025-03-26
CUST-03268,Synthetic Customer 03268,Consumer,Berlin,DE,2025-02-17
CUST-03269,Synthetic Customer 03269,Small Business,Leipzig,DE,2024-11-21
CUST-03270,Synthetic Customer 03270,Consumer,Warsaw,PL,2023-04-19
CUST-03271,Synthetic Customer 03271,Small Business,Stuttgart,DE,2021-12-15
CUST-03272,Synthetic Customer 03272,Mid-Market,Paris,FR,2022-01-28
CUST-03273,Synthetic Customer 03273,Consumer,Warsaw,PL,2022-01-23
CUST-03274,Synthetic Customer 03274,Small Business,Munich,DE,2021-10-05
CUST-03275,Synthetic Customer 03275,Consumer,Stuttgart,DE,2021-12-04
CUST-03276,Synthetic Customer 03276,Consumer,Leipzig,DE,2025-02-17
CUST-03277,Synthetic Customer 03277,Small Business,Amsterdam,NL,2024-03-13
CUST-03278,Synthetic Customer 03278,Consumer,Hamburg,DE,2024-02-17
CUST-03279,Synthetic Customer 03279,Small Business,Hamburg,DE,2024-04-08
CUST-03280,Synthetic Customer 03280,Consumer,Leipzig,DE,2023-10-09
CUST-03281,Synthetic Customer 03281,Consumer,Cologne,DE,2022-05-17
CUST-03282,Synthetic Customer 03282,Consumer,Stuttgart,DE,2024-07-22
CUST-03283,Synthetic Customer 03283,Small Business,Stuttgart,DE,2022-06-26
CUST-03284,Synthetic Customer 03284,Consumer,Berlin,DE,2024-03-18
CUST-03285,Synthetic Customer 03285,Consumer,Berlin,DE,2021-12-06
CUST-03286,Synthetic Customer 03286,Consumer,Munich,DE,2025-05-11
CUST-03287,Synthetic Customer 03287,Consumer,Cologne,DE,2023-03-14
CUST-03288,Synthetic Customer 03288,Enterprise,Cologne,DE,2023-09-20
CUST-03289,Synthetic Customer 03289,Consumer,Düsseldorf,DE,2022-11-18
CUST-03290,Synthetic Customer 03290,Consumer,Munich,DE,2021-12-01
CUST-03291,Synthetic Customer 03291,Consumer,Berlin,DE,2022-08-22
CUST-03292,Synthetic Customer 03292,Consumer,Berlin,DE,2025-04-09
CUST-03293,Synthetic Customer 03293,Small Business,Stuttgart,DE,2022-01-12
CUST-03294,Synthetic Customer 03294,Consumer,Paris,FR,2023-10-02
CUST-03295,Synthetic Customer 03295,Consumer,Hamburg,DE,2022-02-20
CUST-03296,Synthetic Customer 03296,Consumer,Vienna,AT,2023-07-14
CUST-03297,Synthetic Customer 03297,Consumer,Brussels,BE,2025-04-17
CUST-03298,Synthetic Customer 03298,Consumer,Düsseldorf,DE,2022-09-22
CUST-03299,Synthetic Customer 03299,Small Business,Prague,CZ,2024-05-24
CUST-03300,Synthetic Customer 03300,Consumer,Frankfurt,DE,2022-04-30
CUST-03301,Synthetic Customer 03301,Consumer,Leipzig,DE,2024-10-16
CUST-03302,Synthetic Customer 03302,Consumer,Frankfurt,DE,2025-04-10
CUST-03303,Synthetic Customer 03303,Small Business,Munich,DE,2024-05-16
CUST-03304,Synthetic Customer 03304,Enterprise,Berlin,DE,2022-07-03
CUST-03305,Synthetic Customer 03305,Consumer,Brussels,BE,2025-05-28
CUST-03306,Synthetic Customer 03306,Consumer,Munich,DE,2024-01-01
CUST-03307,Synthetic Customer 03307,Consumer,Warsaw,PL,2022-05-15
CUST-03308,Synthetic Customer 03308,Small Business,Munich,DE,2023-10-06
CUST-03309,Synthetic Customer 03309,Consumer,Brussels,BE,2023-11-19
CUST-03310,Synthetic Customer 03310,Small Business,Frankfurt,DE,2023-11-17
CUST-03311,Synthetic Customer 03311,Consumer,Frankfurt,DE,2025-07-04
CUST-03312,Synthetic Customer 03312,Consumer,Cologne,DE,2022-10-24
CUST-03313,Synthetic Customer 03313,Consumer,Stuttgart,DE,2024-11-19
CUST-03314,Synthetic Customer 03314,Consumer,Cologne,DE,2024-10-28
CUST-03315,Synthetic Customer 03315,Consumer,Berlin,DE,2024-10-07
CUST-03316,Synthetic Customer 03316,Mid-Market,Hamburg,DE,2024-06-06
CUST-03317,Synthetic Customer 03317,Small Business,Hamburg,DE,2023-02-13
CUST-03318,Synthetic Customer 03318,Enterprise,Leipzig,DE,2023-05-29
CUST-03319,Synthetic Customer 03319,Consumer,Düsseldorf,DE,2025-07-11
CUST-03320,Synthetic Customer 03320,Small Business,Brussels,BE,2024-10-08
CUST-03321,Synthetic Customer 03321,Mid-Market,Leipzig,DE,2022-04-17
CUST-03322,Synthetic Customer 03322,Mid-Market,Munich,DE,2021-11-13
CUST-03323,Synthetic Customer 03323,Consumer,Düsseldorf,DE,2022-06-22
CUST-03324,Synthetic Customer 03324,Consumer,Berlin,DE,2022-11-04
CUST-03325,Synthetic Customer 03325,Small Business,Warsaw,PL,2023-09-13
CUST-03326,Synthetic Customer 03326,Consumer,Cologne,DE,2022-05-26
CUST-03327,Synthetic Customer 03327,Small Business,Frankfurt,DE,2023-03-22
CUST-03328,Synthetic Customer 03328,Consumer,Brussels,BE,2023-05-20
CUST-03329,Synthetic Customer 03329,Consumer,Berlin,DE,2022-05-14
CUST-03330,Synthetic Customer 03330,Consumer,Vienna,AT,2024-06-01
CUST-03331,Synthetic Customer 03331,Consumer,Leipzig,DE,2024-09-26
CUST-03332,Synthetic Customer 03332,Small Business,Hamburg,DE,2023-07-05
CUST-03333,Synthetic Customer 03333,Consumer,Hamburg,DE,2023-04-18
CUST-03334,Synthetic Customer 03334,Small Business,Warsaw,PL,2024-05-18
CUST-03335,Synthetic Customer 03335,Consumer,Munich,DE,2023-09-21
CUST-03336,Synthetic Customer 03336,Consumer,Hamburg,DE,2021-11-14
CUST-03337,Synthetic Customer 03337,Mid-Market,Munich,DE,2022-06-17
CUST-03338,Synthetic Customer 03338,Small Business,Stuttgart,DE,2024-09-08
CUST-03339,Synthetic Customer 03339,Consumer,Berlin,DE,2023-11-09
CUST-03340,Synthetic Customer 03340,Small Business,Cologne,DE,2024-04-29
CUST-03341,Synthetic Customer 03341,Consumer,Munich,DE,2022-05-08
CUST-03342,Synthetic Customer 03342,Mid-Market,Vienna,AT,2023-12-25
CUST-03343,Synthetic Customer 03343,Consumer,Hamburg,DE,2022-01-31
CUST-03344,Synthetic Customer 03344,Consumer,Cologne,DE,2024-01-04
CUST-03345,Synthetic Customer 03345,Mid-Market,Hamburg,DE,2022-05-13
CUST-03346,Synthetic Customer 03346,Consumer,Leipzig,DE,2023-04-23
CUST-03347,Synthetic Customer 03347,Consumer,Cologne,DE,2024-12-28
CUST-03348,Synthetic Customer 03348,Small Business,Leipzig,DE,2024-03-26
CUST-03349,Synthetic Customer 03349,Consumer,Berlin,DE,2022-09-20
CUST-03350,Synthetic Customer 03350,Enterprise,Frankfurt,DE,2025-02-06
CUST-03351,Synthetic Customer 03351,Small Business,Berlin,DE,2024-10-15
CUST-03352,Synthetic Customer 03352,Small Business,Munich,DE,2022-12-27
CUST-03353,Synthetic Customer 03353,Mid-Market,Hamburg,DE,2024-07-21
CUST-03354,Synthetic Customer 03354,Consumer,Frankfurt,DE,2023-05-07
CUST-03355,Synthetic Customer 03355,Consumer,Vienna,AT,2022-04-26
CUST-03356,Synthetic Customer 03356,Small Business,Düsseldorf,DE,2024-12-02
CUST-03357,Synthetic Customer 03357,Enterprise,Berlin,DE,2021-11-16
CUST-03358,Synthetic Customer 03358,Consumer,Berlin,DE,2021-11-07
CUST-03359,Synthetic Customer 03359,Small Business,Frankfurt,DE,2024-03-05
CUST-03360,Synthetic Customer 03360,Enterprise,Berlin,DE,2022-06-07
CUST-03361,Synthetic Customer 03361,Consumer,Frankfurt,DE,2021-10-01
CUST-03362,Synthetic Customer 03362,Consumer,Leipzig,DE,2022-11-05
CUST-03363,Synthetic Customer 03363,Consumer,Stuttgart,DE,2021-12-26
CUST-03364,Synthetic Customer 03364,Consumer,Berlin,DE,2021-10-12
CUST-03365,Synthetic Customer 03365,Small Business,Berlin,DE,2023-04-16
CUST-03366,Synthetic Customer 03366,Mid-Market,Munich,DE,2025-02-07
CUST-03367,Synthetic Customer 03367,Consumer,Frankfurt,DE,2021-12-19
CUST-03368,Synthetic Customer 03368,Consumer,Berlin,DE,2024-09-20
CUST-03369,Synthetic Customer 03369,Small Business,Vienna,AT,2022-03-02
CUST-03370,Synthetic Customer 03370,Consumer,Berlin,DE,2023-09-08
CUST-03371,Synthetic Customer 03371,Small Business,Munich,DE,2023-01-12
CUST-03372,Synthetic Customer 03372,Small Business,Berlin,DE,2024-10-10
CUST-03373,Synthetic Customer 03373,Consumer,Berlin,DE,2023-12-30
CUST-03374,Synthetic Customer 03374,Small Business,Hamburg,DE,2024-10-09
CUST-03375,Synthetic Customer 03375,Consumer,Hamburg,DE,2024-07-10
CUST-03376,Synthetic Customer 03376,Consumer,Cologne,DE,2022-04-14
CUST-03377,Synthetic Customer 03377,Consumer,Stuttgart,DE,2021-12-15
CUST-03378,Synthetic Customer 03378,Consumer,Vienna,AT,2024-04-04
CUST-03379,Synthetic Customer 03379,Consumer,Munich,DE,2022-03-25
CUST-03380,Synthetic Customer 03380,Mid-Market,Cologne,DE,2023-06-20
CUST-03381,Synthetic Customer 03381,Consumer,Düsseldorf,DE,2023-08-30
CUST-03382,Synthetic Customer 03382,Mid-Market,Stuttgart,DE,2022-06-03
CUST-03383,Synthetic Customer 03383,Small Business,Frankfurt,DE,2023-11-08
CUST-03384,Synthetic Customer 03384,Consumer,Cologne,DE,2023-05-27
CUST-03385,Synthetic Customer 03385,Consumer,Berlin,DE,2025-04-26
CUST-03386,Synthetic Customer 03386,Small Business,Stuttgart,DE,2023-06-11
CUST-03387,Synthetic Customer 03387,Consumer,Berlin,DE,2023-04-23
CUST-03388,Synthetic Customer 03388,Small Business,Stuttgart,DE,2022-05-02
CUST-03389,Synthetic Customer 03389,Small Business,Berlin,DE,2024-09-16
CUST-03390,Synthetic Customer 03390,Small Business,Frankfurt,DE,2025-06-28
CUST-03391,Synthetic Customer 03391,Consumer,Stuttgart,DE,2024-10-07
CUST-03392,Synthetic Customer 03392,Consumer,Amsterdam,NL,2022-05-16
CUST-03393,Synthetic Customer 03393,Consumer,Berlin,DE,2025-03-19
CUST-03394,Synthetic Customer 03394,Small Business,Stuttgart,DE,2021-10-28
CUST-03395,Synthetic Customer 03395,Consumer,Frankfurt,DE,2023-06-22
CUST-03396,Synthetic Customer 03396,Consumer,Düsseldorf,DE,2024-09-25
CUST-03397,Synthetic Customer 03397,Enterprise,Cologne,DE,2024-08-17
CUST-03398,Synthetic Customer 03398,Small Business,Hamburg,DE,2023-01-09
CUST-03399,Synthetic Customer 03399,Small Business,Warsaw,PL,2025-05-31
CUST-03400,Synthetic Customer 03400,Consumer,Brussels,BE,2022-10-07
CUST-03401,Synthetic Customer 03401,Consumer,Frankfurt,DE,2025-07-03
CUST-03402,Synthetic Customer 03402,Small Business,Munich,DE,2022-11-28
CUST-03403,Synthetic Customer 03403,Consumer,Stuttgart,DE,2022-03-14
CUST-03404,Synthetic Customer 03404,Consumer,Berlin,DE,2023-06-28
CUST-03405,Synthetic Customer 03405,Consumer,Warsaw,PL,2024-01-06
CUST-03406,Synthetic Customer 03406,Consumer,Leipzig,DE,2024-09-23
CUST-03407,Synthetic Customer 03407,Consumer,Cologne,DE,2023-04-10
CUST-03408,Synthetic Customer 03408,Consumer,Leipzig,DE,2022-08-25
CUST-03409,Synthetic Customer 03409,Consumer,Vienna,AT,2021-12-30
CUST-03410,Synthetic Customer 03410,Consumer,Berlin,DE,2025-06-08
CUST-03411,Synthetic Customer 03411,Consumer,Munich,DE,2025-05-25
CUST-03412,Synthetic Customer 03412,Consumer,Berlin,DE,2023-01-04
CUST-03413,Synthetic Customer 03413,Consumer,Vienna,AT,2022-12-25
CUST-03414,Synthetic Customer 03414,Consumer,Vienna,AT,2025-07-09
CUST-03415,Synthetic Customer 03415,Consumer,Hamburg,DE,2022-06-26
CUST-03416,Synthetic Customer 03416,Consumer,Berlin,DE,2024-01-20
CUST-03417,Synthetic Customer 03417,Enterprise,Leipzig,DE,2023-10-24
CUST-03418,Synthetic Customer 03418,Consumer,Munich,DE,2023-03-21
CUST-03419,Synthetic Customer 03419,Consumer,Stuttgart,DE,2022-03-24
CUST-03420,Synthetic Customer 03420,Consumer,Düsseldorf,DE,2024-09-30
CUST-03421,Synthetic Customer 03421,Mid-Market,Munich,DE,2022-05-17
CUST-03422,Synthetic Customer 03422,Small Business,Frankfurt,DE,2025-04-09
CUST-03423,Synthetic Customer 03423,Consumer,Stuttgart,DE,2025-02-19
CUST-03424,Synthetic Customer 03424,Consumer,Paris,FR,2025-01-30
CUST-03425,Synthetic Customer 03425,Consumer,Cologne,DE,2022-06-17
CUST-03426,Synthetic Customer 03426,Consumer,Warsaw,PL,2022-02-21
CUST-03427,Synthetic Customer 03427,Small Business,Düsseldorf,DE,2025-04-24
CUST-03428,Synthetic Customer 03428,Small Business,Berlin,DE,2023-01-09
CUST-03429,Synthetic Customer 03429,Consumer,Prague,CZ,2025-02-12
CUST-03430,Synthetic Customer 03430,Consumer,Cologne,DE,2025-06-23
CUST-03431,Synthetic Customer 03431,Consumer,Düsseldorf,DE,2023-02-02
CUST-03432,Synthetic Customer 03432,Consumer,Stuttgart,DE,2024-08-01
CUST-03433,Synthetic Customer 03433,Consumer,Hamburg,DE,2021-09-18
CUST-03434,Synthetic Customer 03434,Small Business,Berlin,DE,2024-10-31
CUST-03435,Synthetic Customer 03435,Consumer,Frankfurt,DE,2024-09-08
CUST-03436,Synthetic Customer 03436,Consumer,Warsaw,PL,2022-03-24
CUST-03437,Synthetic Customer 03437,Consumer,Leipzig,DE,2024-12-04
CUST-03438,Synthetic Customer 03438,Small Business,Hamburg,DE,2024-09-24
CUST-03439,Synthetic Customer 03439,Small Business,Prague,CZ,2022-07-28
CUST-03440,Synthetic Customer 03440,Small Business,Cologne,DE,2021-10-25
CUST-03441,Synthetic Customer 03441,Small Business,Hamburg,DE,2025-03-12
CUST-03442,Synthetic Customer 03442,Consumer,Berlin,DE,2023-03-30
CUST-03443,Synthetic Customer 03443,Consumer,Vienna,AT,2023-04-01
CUST-03444,Synthetic Customer 03444,Consumer,Cologne,DE,2022-05-13
CUST-03445,Synthetic Customer 03445,Consumer,Düsseldorf,DE,2024-12-11
CUST-03446,Synthetic Customer 03446,Small Business,Leipzig,DE,2022-04-15
CUST-03447,Synthetic Customer 03447,Consumer,Munich,DE,2023-04-12
CUST-03448,Synthetic Customer 03448,Consumer,Munich,DE,2022-07-20
CUST-03449,Synthetic Customer 03449,Consumer,Stuttgart,DE,2025-02-09
CUST-03450,Synthetic Customer 03450,Consumer,Hamburg,DE,2022-02-10
CUST-03451,Synthetic Customer 03451,Mid-Market,Cologne,DE,2022-06-27
CUST-03452,Synthetic Customer 03452,Consumer,Frankfurt,DE,2023-06-08
CUST-03453,Synthetic Customer 03453,Consumer,Vienna,AT,2022-11-30
CUST-03454,Synthetic Customer 03454,Consumer,Cologne,DE,2025-06-08
CUST-03455,Synthetic Customer 03455,Enterprise,Berlin,DE,2025-04-15
CUST-03456,Synthetic Customer 03456,Small Business,Stuttgart,DE,2024-08-26
CUST-03457,Synthetic Customer 03457,Small Business,Warsaw,PL,2024-08-25
CUST-03458,Synthetic Customer 03458,Enterprise,Warsaw,PL,2022-07-02
CUST-03459,Synthetic Customer 03459,Consumer,Düsseldorf,DE,2022-04-21
CUST-03460,Synthetic Customer 03460,Small Business,Hamburg,DE,2024-12-26
CUST-03461,Synthetic Customer 03461,Small Business,Munich,DE,2022-02-06
CUST-03462,Synthetic Customer 03462,Enterprise,Prague,CZ,2023-12-29
CUST-03463,Synthetic Customer 03463,Small Business,Munich,DE,2023-11-18
CUST-03464,Synthetic Customer 03464,Consumer,Cologne,DE,2024-06-19
CUST-03465,Synthetic Customer 03465,Consumer,Hamburg,DE,2022-10-07
CUST-03466,Synthetic Customer 03466,Enterprise,Hamburg,DE,2023-02-06
CUST-03467,Synthetic Customer 03467,Consumer,Stuttgart,DE,2024-01-18
CUST-03468,Synthetic Customer 03468,Consumer,Munich,DE,2021-09-15
CUST-03469,Synthetic Customer 03469,Consumer,Amsterdam,NL,2021-09-30
CUST-03470,Synthetic Customer 03470,Consumer,Berlin,DE,2021-12-18
CUST-03471,Synthetic Customer 03471,Consumer,Amsterdam,NL,2022-11-19
CUST-03472,Synthetic Customer 03472,Small Business,Munich,DE,2022-07-21
CUST-03473,Synthetic Customer 03473,Consumer,Cologne,DE,2024-06-26
CUST-03474,Synthetic Customer 03474,Small Business,Frankfurt,DE,2021-11-25
CUST-03475,Synthetic Customer 03475,Mid-Market,Munich,DE,2023-07-15
CUST-03476,Synthetic Customer 03476,Consumer,Leipzig,DE,2024-08-09
CUST-03477,Synthetic Customer 03477,Mid-Market,Munich,DE,2024-11-28
CUST-03478,Synthetic Customer 03478,Small Business,Berlin,DE,2025-07-09
CUST-03479,Synthetic Customer 03479,Consumer,Cologne,DE,2022-11-18
CUST-03480,Synthetic Customer 03480,Small Business,Berlin,DE,2022-07-07
CUST-03481,Synthetic Customer 03481,Mid-Market,Hamburg,DE,2022-11-10
CUST-03482,Synthetic Customer 03482,Consumer,Berlin,DE,2022-11-25
CUST-03483,Synthetic Customer 03483,Small Business,Vienna,AT,2022-03-27
CUST-03484,Synthetic Customer 03484,Consumer,Munich,DE,2024-01-17
CUST-03485,Synthetic Customer 03485,Consumer,Munich,DE,2023-01-10
CUST-03486,Synthetic Customer 03486,Consumer,Warsaw,PL,2024-02-21
CUST-03487,Synthetic Customer 03487,Consumer,Stuttgart,DE,2023-09-06
CUST-03488,Synthetic Customer 03488,Mid-Market,Berlin,DE,2024-01-09
CUST-03489,Synthetic Customer 03489,Consumer,Cologne,DE,2024-06-06
CUST-03490,Synthetic Customer 03490,Consumer,Frankfurt,DE,2022-02-21
CUST-03491,Synthetic Customer 03491,Consumer,Amsterdam,NL,2024-03-10
CUST-03492,Synthetic Customer 03492,Consumer,Vienna,AT,2021-12-10
CUST-03493,Synthetic Customer 03493,Small Business,Hamburg,DE,2024-09-29
CUST-03494,Synthetic Customer 03494,Consumer,Frankfurt,DE,2023-04-24
CUST-03495,Synthetic Customer 03495,Consumer,Berlin,DE,2022-09-15
CUST-03496,Synthetic Customer 03496,Small Business,Cologne,DE,2022-07-20
CUST-03497,Synthetic Customer 03497,Consumer,Brussels,BE,2024-01-14
CUST-03498,Synthetic Customer 03498,Consumer,Berlin,DE,2025-07-16
CUST-03499,Synthetic Customer 03499,Mid-Market,Cologne,DE,2024-03-11
CUST-03500,Synthetic Customer 03500,Small Business,Prague,CZ,2022-12-10
CUST-03501,Synthetic Customer 03501,Consumer,Cologne,DE,2025-08-01
CUST-03502,Synthetic Customer 03502,Small Business,Berlin,DE,2024-01-30
CUST-03503,Synthetic Customer 03503,Consumer,Paris,FR,2022-06-17
CUST-03504,Synthetic Customer 03504,Small Business,Frankfurt,DE,2023-03-03
CUST-03505,Synthetic Customer 03505,Consumer,Cologne,DE,2024-07-30
CUST-03506,Synthetic Customer 03506,Consumer,Cologne,DE,2023-05-16
CUST-03507,Synthetic Customer 03507,Consumer,Cologne,DE,2023-02-12
CUST-03508,Synthetic Customer 03508,Consumer,Paris,FR,2023-11-16
CUST-03509,Synthetic Customer 03509,Consumer,Hamburg,DE,2023-10-25
CUST-03510,Synthetic Customer 03510,Small Business,Berlin,DE,2022-08-19
CUST-03511,Synthetic Customer 03511,Consumer,Paris,FR,2024-08-03
CUST-03512,Synthetic Customer 03512,Consumer,Hamburg,DE,2023-05-28
CUST-03513,Synthetic Customer 03513,Enterprise,Paris,FR,2025-05-31
CUST-03514,Synthetic Customer 03514,Mid-Market,Hamburg,DE,2024-06-22
CUST-03515,Synthetic Customer 03515,Consumer,Berlin,DE,2025-01-01
CUST-03516,Synthetic Customer 03516,Consumer,Frankfurt,DE,2023-08-08
CUST-03517,Synthetic Customer 03517,Consumer,Stuttgart,DE,2022-02-15
CUST-03518,Synthetic Customer 03518,Consumer,Hamburg,DE,2023-12-16
CUST-03519,Synthetic Customer 03519,Consumer,Vienna,AT,2022-01-18
CUST-03520,Synthetic Customer 03520,Small Business,Berlin,DE,2021-11-02
CUST-03521,Synthetic Customer 03521,Small Business,Leipzig,DE,2023-04-28
CUST-03522,Synthetic Customer 03522,Consumer,Amsterdam,NL,2023-07-06
CUST-03523,Synthetic Customer 03523,Consumer,Frankfurt,DE,2022-01-23
CUST-03524,Synthetic Customer 03524,Mid-Market,Hamburg,DE,2022-12-23
CUST-03525,Synthetic Customer 03525,Consumer,Berlin,DE,2023-07-01
CUST-03526,Synthetic Customer 03526,Mid-Market,Paris,FR,2022-10-16
CUST-03527,Synthetic Customer 03527,Consumer,Berlin,DE,2024-06-29
CUST-03528,Synthetic Customer 03528,Enterprise,Cologne,DE,2022-01-28
CUST-03529,Synthetic Customer 03529,Consumer,Berlin,DE,2023-08-23
CUST-03530,Synthetic Customer 03530,Consumer,Paris,FR,2023-05-02
CUST-03531,Synthetic Customer 03531,Enterprise,Berlin,DE,2025-06-27
CUST-03532,Synthetic Customer 03532,Consumer,Hamburg,DE,2022-08-03
CUST-03533,Synthetic Customer 03533,Consumer,Cologne,DE,2024-05-12
CUST-03534,Synthetic Customer 03534,Consumer,Frankfurt,DE,2023-03-17
CUST-03535,Synthetic Customer 03535,Consumer,Cologne,DE,2023-06-19
CUST-03536,Synthetic Customer 03536,Small Business,Hamburg,DE,2023-12-25
CUST-03537,Synthetic Customer 03537,Small Business,Frankfurt,DE,2022-01-02
CUST-03538,Synthetic Customer 03538,Consumer,Hamburg,DE,2024-02-23
CUST-03539,Synthetic Customer 03539,Consumer,Berlin,DE,2022-12-19
CUST-03540,Synthetic Customer 03540,Mid-Market,Warsaw,PL,2022-02-25
CUST-03541,Synthetic Customer 03541,Consumer,Berlin,DE,2025-02-06
CUST-03542,Synthetic Customer 03542,Small Business,Vienna,AT,2024-07-02
CUST-03543,Synthetic Customer 03543,Consumer,Munich,DE,2024-05-14
CUST-03544,Synthetic Customer 03544,Small Business,Düsseldorf,DE,2025-05-09
CUST-03545,Synthetic Customer 03545,Consumer,Leipzig,DE,2025-05-15
CUST-03546,Synthetic Customer 03546,Consumer,Paris,FR,2022-05-15
CUST-03547,Synthetic Customer 03547,Consumer,Leipzig,DE,2022-06-21
CUST-03548,Synthetic Customer 03548,Consumer,Paris,FR,2024-09-15
CUST-03549,Synthetic Customer 03549,Consumer,Stuttgart,DE,2023-05-15
CUST-03550,Synthetic Customer 03550,Small Business,Munich,DE,2025-03-16
CUST-03551,Synthetic Customer 03551,Consumer,Amsterdam,NL,2023-07-31
CUST-03552,Synthetic Customer 03552,Mid-Market,Berlin,DE,2023-12-31
CUST-03553,Synthetic Customer 03553,Consumer,Munich,DE,2024-02-29
CUST-03554,Synthetic Customer 03554,Consumer,Vienna,AT,2023-05-02
CUST-03555,Synthetic Customer 03555,Consumer,Hamburg,DE,2025-05-26
CUST-03556,Synthetic Customer 03556,Consumer,Paris,FR,2023-06-18
CUST-03557,Synthetic Customer 03557,Small Business,Munich,DE,2025-05-13
CUST-03558,Synthetic Customer 03558,Mid-Market,Warsaw,PL,2024-09-20
CUST-03559,Synthetic Customer 03559,Consumer,Berlin,DE,2024-08-31
CUST-03560,Synthetic Customer 03560,Mid-Market,Berlin,DE,2022-10-02
CUST-03561,Synthetic Customer 03561,Consumer,Amsterdam,NL,2023-01-27
CUST-03562,Synthetic Customer 03562,Mid-Market,Hamburg,DE,2022-06-08
CUST-03563,Synthetic Customer 03563,Enterprise,Berlin,DE,2024-08-07
CUST-03564,Synthetic Customer 03564,Consumer,Cologne,DE,2024-05-29
CUST-03565,Synthetic Customer 03565,Small Business,Frankfurt,DE,2024-06-11
CUST-03566,Synthetic Customer 03566,Consumer,Düsseldorf,DE,2022-08-19
CUST-03567,Synthetic Customer 03567,Consumer,Warsaw,PL,2024-09-14
CUST-03568,Synthetic Customer 03568,Consumer,Hamburg,DE,2022-12-06
CUST-03569,Synthetic Customer 03569,Consumer,Berlin,DE,2021-11-28
CUST-03570,Synthetic Customer 03570,Small Business,Brussels,BE,2022-08-19
CUST-03571,Synthetic Customer 03571,Consumer,Hamburg,DE,2022-01-19
CUST-03572,Synthetic Customer 03572,Consumer,Hamburg,DE,2022-09-14
CUST-03573,Synthetic Customer 03573,Consumer,Frankfurt,DE,2022-05-25
CUST-03574,Synthetic Customer 03574,Small Business,Berlin,DE,2024-11-27
CUST-03575,Synthetic Customer 03575,Mid-Market,Hamburg,DE,2024-09-04
CUST-03576,Synthetic Customer 03576,Consumer,Berlin,DE,2024-10-27
CUST-03577,Synthetic Customer 03577,Small Business,Paris,FR,2023-11-22
CUST-03578,Synthetic Customer 03578,Small Business,Düsseldorf,DE,2023-07-06
CUST-03579,Synthetic Customer 03579,Small Business,Düsseldorf,DE,2022-03-08
CUST-03580,Synthetic Customer 03580,Consumer,Prague,CZ,2025-04-22
CUST-03581,Synthetic Customer 03581,Consumer,Cologne,DE,2021-12-24
CUST-03582,Synthetic Customer 03582,Small Business,Hamburg,DE,2024-06-19
CUST-03583,Synthetic Customer 03583,Consumer,Frankfurt,DE,2022-08-09
CUST-03584,Synthetic Customer 03584,Consumer,Munich,DE,2025-02-04
CUST-03585,Synthetic Customer 03585,Consumer,Hamburg,DE,2024-11-20
CUST-03586,Synthetic Customer 03586,Small Business,Leipzig,DE,2021-12-30
CUST-03587,Synthetic Customer 03587,Consumer,Stuttgart,DE,2022-04-11
CUST-03588,Synthetic Customer 03588,Consumer,Munich,DE,2022-09-18
CUST-03589,Synthetic Customer 03589,Small Business,Munich,DE,2022-12-19
CUST-03590,Synthetic Customer 03590,Mid-Market,Frankfurt,DE,2024-04-01
CUST-03591,Synthetic Customer 03591,Consumer,Vienna,AT,2023-08-16
CUST-03592,Synthetic Customer 03592,Consumer,Warsaw,PL,2025-06-14
CUST-03593,Synthetic Customer 03593,Consumer,Warsaw,PL,2025-01-03
CUST-03594,Synthetic Customer 03594,Mid-Market,Berlin,DE,2023-01-13
CUST-03595,Synthetic Customer 03595,Consumer,Frankfurt,DE,2024-05-20
CUST-03596,Synthetic Customer 03596,Consumer,Munich,DE,2023-02-14
CUST-03597,Synthetic Customer 03597,Consumer,Prague,CZ,2025-01-20
CUST-03598,Synthetic Customer 03598,Consumer,Frankfurt,DE,2024-10-10
CUST-03599,Synthetic Customer 03599,Consumer,Frankfurt,DE,2024-06-09
CUST-03600,Synthetic Customer 03600,Consumer,Warsaw,PL,2024-09-07
CUST-03601,Synthetic Customer 03601,Mid-Market,Cologne,DE,2025-02-14
CUST-03602,Synthetic Customer 03602,Consumer,Berlin,DE,2022-09-15
CUST-03603,Synthetic Customer 03603,Small Business,Amsterdam,NL,2024-09-25
CUST-03604,Synthetic Customer 03604,Small Business,Düsseldorf,DE,2022-01-22
CUST-03605,Synthetic Customer 03605,Small Business,Paris,FR,2024-03-09
CUST-03606,Synthetic Customer 03606,Small Business,Berlin,DE,2021-11-23
CUST-03607,Synthetic Customer 03607,Mid-Market,Frankfurt,DE,2024-09-03
CUST-03608,Synthetic Customer 03608,Consumer,Frankfurt,DE,2022-07-05
CUST-03609,Synthetic Customer 03609,Consumer,Paris,FR,2022-09-11
CUST-03610,Synthetic Customer 03610,Consumer,Stuttgart,DE,2025-07-24
CUST-03611,Synthetic Customer 03611,Consumer,Cologne,DE,2022-12-27
CUST-03612,Synthetic Customer 03612,Mid-Market,Leipzig,DE,2024-01-07
CUST-03613,Synthetic Customer 03613,Consumer,Cologne,DE,2024-12-20
CUST-03614,Synthetic Customer 03614,Small Business,Cologne,DE,2025-07-06
CUST-03615,Synthetic Customer 03615,Consumer,Prague,CZ,2024-11-09
CUST-03616,Synthetic Customer 03616,Consumer,Munich,DE,2025-06-24
CUST-03617,Synthetic Customer 03617,Mid-Market,Hamburg,DE,2022-09-06
CUST-03618,Synthetic Customer 03618,Consumer,Prague,CZ,2025-06-23
CUST-03619,Synthetic Customer 03619,Mid-Market,Frankfurt,DE,2022-04-10
CUST-03620,Synthetic Customer 03620,Consumer,Berlin,DE,2023-12-27
CUST-03621,Synthetic Customer 03621,Consumer,Hamburg,DE,2023-11-27
CUST-03622,Synthetic Customer 03622,Consumer,Paris,FR,2023-07-10
CUST-03623,Synthetic Customer 03623,Consumer,Warsaw,PL,2022-08-18
CUST-03624,Synthetic Customer 03624,Consumer,Vienna,AT,2022-02-02
CUST-03625,Synthetic Customer 03625,Consumer,Munich,DE,2025-04-22
CUST-03626,Synthetic Customer 03626,Consumer,Berlin,DE,2022-07-03
CUST-03627,Synthetic Customer 03627,Consumer,Düsseldorf,DE,2023-06-25
CUST-03628,Synthetic Customer 03628,Consumer,Berlin,DE,2022-06-25
CUST-03629,Synthetic Customer 03629,Consumer,Vienna,AT,2025-06-19
CUST-03630,Synthetic Customer 03630,Consumer,Warsaw,PL,2024-01-07
CUST-03631,Synthetic Customer 03631,Consumer,Warsaw,PL,2024-04-08
CUST-03632,Synthetic Customer 03632,Mid-Market,Warsaw,PL,2022-08-21
CUST-03633,Synthetic Customer 03633,Small Business,Munich,DE,2023-10-16
CUST-03634,Synthetic Customer 03634,Consumer,Brussels,BE,2022-02-22
CUST-03635,Synthetic Customer 03635,Small Business,Stuttgart,DE,2024-12-01
CUST-03636,Synthetic Customer 03636,Mid-Market,Hamburg,DE,2024-10-15
CUST-03637,Synthetic Customer 03637,Small Business,Cologne,DE,2024-01-08
CUST-03638,Synthetic Customer 03638,Consumer,Munich,DE,2025-06-03
CUST-03639,Synthetic Customer 03639,Enterprise,Hamburg,DE,2022-07-15
CUST-03640,Synthetic Customer 03640,Consumer,Düsseldorf,DE,2023-05-06
CUST-03641,Synthetic Customer 03641,Consumer,Frankfurt,DE,2022-07-07
CUST-03642,Synthetic Customer 03642,Small Business,Stuttgart,DE,2024-12-05
CUST-03643,Synthetic Customer 03643,Consumer,Munich,DE,2024-11-16
CUST-03644,Synthetic Customer 03644,Small Business,Amsterdam,NL,2023-02-12
CUST-03645,Synthetic Customer 03645,Consumer,Paris,FR,2022-07-13
CUST-03646,Synthetic Customer 03646,Consumer,Stuttgart,DE,2022-12-26
CUST-03647,Synthetic Customer 03647,Small Business,Berlin,DE,2022-03-01
CUST-03648,Synthetic Customer 03648,Mid-Market,Leipzig,DE,2023-07-13
CUST-03649,Synthetic Customer 03649,Consumer,Stuttgart,DE,2024-02-21
CUST-03650,Synthetic Customer 03650,Consumer,Berlin,DE,2023-07-25
CUST-03651,Synthetic Customer 03651,Consumer,Hamburg,DE,2023-12-10
CUST-03652,Synthetic Customer 03652,Consumer,Frankfurt,DE,2022-09-23
CUST-03653,Synthetic Customer 03653,Consumer,Leipzig,DE,2025-03-17
CUST-03654,Synthetic Customer 03654,Small Business,Hamburg,DE,2023-07-25
CUST-03655,Synthetic Customer 03655,Consumer,Vienna,AT,2024-05-20
CUST-03656,Synthetic Customer 03656,Consumer,Warsaw,PL,2024-03-16
CUST-03657,Synthetic Customer 03657,Small Business,Berlin,DE,2025-06-16
CUST-03658,Synthetic Customer 03658,Consumer,Stuttgart,DE,2025-04-30
CUST-03659,Synthetic Customer 03659,Consumer,Cologne,DE,2025-04-22
CUST-03660,Synthetic Customer 03660,Consumer,Amsterdam,NL,2025-01-11
CUST-03661,Synthetic Customer 03661,Consumer,Leipzig,DE,2022-04-05
CUST-03662,Synthetic Customer 03662,Small Business,Amsterdam,NL,2023-05-05
CUST-03663,Synthetic Customer 03663,Consumer,Vienna,AT,2023-01-09
CUST-03664,Synthetic Customer 03664,Consumer,Frankfurt,DE,2022-11-02
CUST-03665,Synthetic Customer 03665,Small Business,Leipzig,DE,2024-11-05
CUST-03666,Synthetic Customer 03666,Small Business,Vienna,AT,2023-03-08
CUST-03667,Synthetic Customer 03667,Consumer,Prague,CZ,2022-03-01
CUST-03668,Synthetic Customer 03668,Consumer,Berlin,DE,2025-06-05
CUST-03669,Synthetic Customer 03669,Small Business,Berlin,DE,2024-06-03
CUST-03670,Synthetic Customer 03670,Small Business,Stuttgart,DE,2022-01-30
CUST-03671,Synthetic Customer 03671,Small Business,Frankfurt,DE,2024-04-17
CUST-03672,Synthetic Customer 03672,Consumer,Frankfurt,DE,2023-04-13
CUST-03673,Synthetic Customer 03673,Consumer,Munich,DE,2022-02-04
CUST-03674,Synthetic Customer 03674,Consumer,Stuttgart,DE,2022-03-20
CUST-03675,Synthetic Customer 03675,Consumer,Vienna,AT,2022-05-20
CUST-03676,Synthetic Customer 03676,Consumer,Cologne,DE,2023-06-16
CUST-03677,Synthetic Customer 03677,Small Business,Munich,DE,2023-02-18
CUST-03678,Synthetic Customer 03678,Consumer,Hamburg,DE,2025-01-25
CUST-03679,Synthetic Customer 03679,Consumer,Brussels,BE,2023-03-13
CUST-03680,Synthetic Customer 03680,Consumer,Munich,DE,2023-07-06
CUST-03681,Synthetic Customer 03681,Consumer,Düsseldorf,DE,2022-02-27
CUST-03682,Synthetic Customer 03682,Consumer,Vienna,AT,2025-02-03
CUST-03683,Synthetic Customer 03683,Consumer,Warsaw,PL,2022-07-04
CUST-03684,Synthetic Customer 03684,Consumer,Stuttgart,DE,2021-12-23
CUST-03685,Synthetic Customer 03685,Small Business,Prague,CZ,2024-08-23
CUST-03686,Synthetic Customer 03686,Small Business,Amsterdam,NL,2025-05-04
CUST-03687,Synthetic Customer 03687,Small Business,Warsaw,PL,2022-04-21
CUST-03688,Synthetic Customer 03688,Small Business,Berlin,DE,2024-06-18
CUST-03689,Synthetic Customer 03689,Consumer,Berlin,DE,2023-07-13
CUST-03690,Synthetic Customer 03690,Small Business,Frankfurt,DE,2023-03-11
CUST-03691,Synthetic Customer 03691,Consumer,Munich,DE,2025-07-26
CUST-03692,Synthetic Customer 03692,Small Business,Warsaw,PL,2022-10-17
CUST-03693,Synthetic Customer 03693,Consumer,Prague,CZ,2021-10-03
CUST-03694,Synthetic Customer 03694,Enterprise,Leipzig,DE,2024-07-05
CUST-03695,Synthetic Customer 03695,Consumer,Hamburg,DE,2023-04-18
CUST-03696,Synthetic Customer 03696,Consumer,Frankfurt,DE,2025-04-19
CUST-03697,Synthetic Customer 03697,Enterprise,Leipzig,DE,2023-05-22
CUST-03698,Synthetic Customer 03698,Consumer,Amsterdam,NL,2022-12-28
CUST-03699,Synthetic Customer 03699,Small Business,Leipzig,DE,2024-03-16
CUST-03700,Synthetic Customer 03700,Small Business,Amsterdam,NL,2023-11-12
CUST-03701,Synthetic Customer 03701,Consumer,Cologne,DE,2024-06-20
CUST-03702,Synthetic Customer 03702,Consumer,Hamburg,DE,2025-02-06
CUST-03703,Synthetic Customer 03703,Consumer,Cologne,DE,2022-02-18
CUST-03704,Synthetic Customer 03704,Consumer,Cologne,DE,2025-05-24
CUST-03705,Synthetic Customer 03705,Consumer,Berlin,DE,2022-08-04
CUST-03706,Synthetic Customer 03706,Consumer,Leipzig,DE,2024-02-03
CUST-03707,Synthetic Customer 03707,Consumer,Munich,DE,2024-10-24
CUST-03708,Synthetic Customer 03708,Small Business,Paris,FR,2024-03-27
CUST-03709,Synthetic Customer 03709,Enterprise,Warsaw,PL,2022-07-17
CUST-03710,Synthetic Customer 03710,Consumer,Frankfurt,DE,2022-08-31
CUST-03711,Synthetic Customer 03711,Small Business,Berlin,DE,2022-07-04
CUST-03712,Synthetic Customer 03712,Small Business,Warsaw,PL,2025-02-06
CUST-03713,Synthetic Customer 03713,Enterprise,Vienna,AT,2024-04-03
CUST-03714,Synthetic Customer 03714,Consumer,Cologne,DE,2022-06-07
CUST-03715,Synthetic Customer 03715,Consumer,Amsterdam,NL,2024-12-06
CUST-03716,Synthetic Customer 03716,Consumer,Düsseldorf,DE,2024-12-02
CUST-03717,Synthetic Customer 03717,Consumer,Amsterdam,NL,2023-04-15
CUST-03718,Synthetic Customer 03718,Consumer,Düsseldorf,DE,2022-12-17
CUST-03719,Synthetic Customer 03719,Consumer,Düsseldorf,DE,2024-02-23
CUST-03720,Synthetic Customer 03720,Consumer,Berlin,DE,2024-05-09
CUST-03721,Synthetic Customer 03721,Small Business,Stuttgart,DE,2022-03-28
CUST-03722,Synthetic Customer 03722,Consumer,Düsseldorf,DE,2022-11-16
CUST-03723,Synthetic Customer 03723,Consumer,Düsseldorf,DE,2023-08-24
CUST-03724,Synthetic Customer 03724,Small Business,Stuttgart,DE,2023-08-15
CUST-03725,Synthetic Customer 03725,Consumer,Warsaw,PL,2022-07-08
CUST-03726,Synthetic Customer 03726,Small Business,Frankfurt,DE,2022-01-19
CUST-03727,Synthetic Customer 03727,Consumer,Paris,FR,2024-03-21
CUST-03728,Synthetic Customer 03728,Small Business,Düsseldorf,DE,2024-05-18
CUST-03729,Synthetic Customer 03729,Consumer,Hamburg,DE,2023-09-30
CUST-03730,Synthetic Customer 03730,Small Business,Paris,FR,2024-01-02
CUST-03731,Synthetic Customer 03731,Small Business,Munich,DE,2021-10-01
CUST-03732,Synthetic Customer 03732,Consumer,Hamburg,DE,2024-05-02
CUST-03733,Synthetic Customer 03733,Consumer,Hamburg,DE,2025-04-30
CUST-03734,Synthetic Customer 03734,Consumer,Hamburg,DE,2022-07-22
CUST-03735,Synthetic Customer 03735,Small Business,Munich,DE,2025-02-05
CUST-03736,Synthetic Customer 03736,Consumer,Berlin,DE,2022-07-21
CUST-03737,Synthetic Customer 03737,Consumer,Munich,DE,2023-05-18
CUST-03738,Synthetic Customer 03738,Consumer,Berlin,DE,2024-12-23
CUST-03739,Synthetic Customer 03739,Consumer,Amsterdam,NL,2023-11-30
CUST-03740,Synthetic Customer 03740,Consumer,Brussels,BE,2022-05-07
CUST-03741,Synthetic Customer 03741,Consumer,Munich,DE,2023-12-14
CUST-03742,Synthetic Customer 03742,Small Business,Düsseldorf,DE,2024-04-29
CUST-03743,Synthetic Customer 03743,Consumer,Brussels,BE,2025-05-16
CUST-03744,Synthetic Customer 03744,Enterprise,Munich,DE,2024-08-21
CUST-03745,Synthetic Customer 03745,Consumer,Paris,FR,2025-03-02
CUST-03746,Synthetic Customer 03746,Consumer,Hamburg,DE,2023-03-08
CUST-03747,Synthetic Customer 03747,Small Business,Berlin,DE,2023-08-02
CUST-03748,Synthetic Customer 03748,Consumer,Prague,CZ,2025-03-02
CUST-03749,Synthetic Customer 03749,Consumer,Vienna,AT,2021-12-27
CUST-03750,Synthetic Customer 03750,Small Business,Paris,FR,2023-08-17
CUST-03751,Synthetic Customer 03751,Small Business,Vienna,AT,2023-05-31
CUST-03752,Synthetic Customer 03752,Consumer,Cologne,DE,2022-09-06
CUST-03753,Synthetic Customer 03753,Consumer,Stuttgart,DE,2023-07-12
CUST-03754,Synthetic Customer 03754,Consumer,Vienna,AT,2022-01-16
CUST-03755,Synthetic Customer 03755,Consumer,Cologne,DE,2025-02-27
CUST-03756,Synthetic Customer 03756,Consumer,Düsseldorf,DE,2024-10-03
CUST-03757,Synthetic Customer 03757,Consumer,Paris,FR,2021-12-18
CUST-03758,Synthetic Customer 03758,Consumer,Stuttgart,DE,2024-03-24
CUST-03759,Synthetic Customer 03759,Consumer,Prague,CZ,2023-09-05
CUST-03760,Synthetic Customer 03760,Consumer,Leipzig,DE,2022-02-23
CUST-03761,Synthetic Customer 03761,Consumer,Warsaw,PL,2022-07-03
CUST-03762,Synthetic Customer 03762,Small Business,Brussels,BE,2023-01-13
CUST-03763,Synthetic Customer 03763,Consumer,Hamburg,DE,2023-06-04
CUST-03764,Synthetic Customer 03764,Consumer,Düsseldorf,DE,2021-12-12
CUST-03765,Synthetic Customer 03765,Small Business,Vienna,AT,2024-05-31
CUST-03766,Synthetic Customer 03766,Consumer,Düsseldorf,DE,2022-03-31
CUST-03767,Synthetic Customer 03767,Consumer,Berlin,DE,2025-06-04
CUST-03768,Synthetic Customer 03768,Consumer,Paris,FR,2022-03-04
CUST-03769,Synthetic Customer 03769,Small Business,Leipzig,DE,2024-05-03
CUST-03770,Synthetic Customer 03770,Consumer,Düsseldorf,DE,2023-10-17
CUST-03771,Synthetic Customer 03771,Consumer,Cologne,DE,2025-08-02
CUST-03772,Synthetic Customer 03772,Consumer,Vienna,AT,2022-03-22
CUST-03773,Synthetic Customer 03773,Consumer,Berlin,DE,2023-11-23
CUST-03774,Synthetic Customer 03774,Enterprise,Düsseldorf,DE,2023-02-11
CUST-03775,Synthetic Customer 03775,Consumer,Düsseldorf,DE,2024-11-01
CUST-03776,Synthetic Customer 03776,Consumer,Hamburg,DE,2023-02-22
CUST-03777,Synthetic Customer 03777,Consumer,Berlin,DE,2022-09-02
CUST-03778,Synthetic Customer 03778,Consumer,Amsterdam,NL,2023-08-07
CUST-03779,Synthetic Customer 03779,Consumer,Cologne,DE,2024-07-01
CUST-03780,Synthetic Customer 03780,Consumer,Stuttgart,DE,2023-11-07
CUST-03781,Synthetic Customer 03781,Consumer,Warsaw,PL,2023-12-24
CUST-03782,Synthetic Customer 03782,Consumer,Vienna,AT,2021-10-20
CUST-03783,Synthetic Customer 03783,Consumer,Munich,DE,2021-11-18
CUST-03784,Synthetic Customer 03784,Small Business,Stuttgart,DE,2023-01-07
CUST-03785,Synthetic Customer 03785,Consumer,Leipzig,DE,2023-09-30
CUST-03786,Synthetic Customer 03786,Small Business,Paris,FR,2022-01-05
CUST-03787,Synthetic Customer 03787,Consumer,Düsseldorf,DE,2023-09-11
CUST-03788,Synthetic Customer 03788,Consumer,Berlin,DE,2025-04-22
CUST-03789,Synthetic Customer 03789,Consumer,Leipzig,DE,2022-11-11
CUST-03790,Synthetic Customer 03790,Consumer,Warsaw,PL,2022-08-01
CUST-03791,Synthetic Customer 03791,Mid-Market,Cologne,DE,2022-04-04
CUST-03792,Synthetic Customer 03792,Small Business,Frankfurt,DE,2022-12-19
CUST-03793,Synthetic Customer 03793,Mid-Market,Paris,FR,2024-09-05
CUST-03794,Synthetic Customer 03794,Consumer,Munich,DE,2023-03-15
CUST-03795,Synthetic Customer 03795,Small Business,Stuttgart,DE,2023-10-27
CUST-03796,Synthetic Customer 03796,Consumer,Warsaw,PL,2022-02-05
CUST-03797,Synthetic Customer 03797,Consumer,Frankfurt,DE,2025-04-05
CUST-03798,Synthetic Customer 03798,Small Business,Munich,DE,2023-11-10
CUST-03799,Synthetic Customer 03799,Small Business,Brussels,BE,2022-09-03
CUST-03800,Synthetic Customer 03800,Mid-Market,Cologne,DE,2023-06-10
CUST-03801,Synthetic Customer 03801,Consumer,Stuttgart,DE,2025-01-06
CUST-03802,Synthetic Customer 03802,Consumer,Hamburg,DE,2021-10-03
CUST-03803,Synthetic Customer 03803,Consumer,Düsseldorf,DE,2023-07-02
CUST-03804,Synthetic Customer 03804,Small Business,Frankfurt,DE,2022-06-25
CUST-03805,Synthetic Customer 03805,Consumer,Paris,FR,2023-02-26
CUST-03806,Synthetic Customer 03806,Consumer,Stuttgart,DE,2023-11-07
CUST-03807,Synthetic Customer 03807,Consumer,Paris,FR,2023-07-05
CUST-03808,Synthetic Customer 03808,Consumer,Stuttgart,DE,2022-07-27
CUST-03809,Synthetic Customer 03809,Consumer,Hamburg,DE,2023-08-22
CUST-03810,Synthetic Customer 03810,Consumer,Cologne,DE,2024-01-03
CUST-03811,Synthetic Customer 03811,Consumer,Munich,DE,2022-09-10
CUST-03812,Synthetic Customer 03812,Consumer,Brussels,BE,2023-08-24
CUST-03813,Synthetic Customer 03813,Consumer,Berlin,DE,2024-04-15
CUST-03814,Synthetic Customer 03814,Small Business,Cologne,DE,2023-11-01
CUST-03815,Synthetic Customer 03815,Consumer,Frankfurt,DE,2024-02-24
CUST-03816,Synthetic Customer 03816,Consumer,Munich,DE,2022-04-28
CUST-03817,Synthetic Customer 03817,Mid-Market,Leipzig,DE,2023-03-24
CUST-03818,Synthetic Customer 03818,Small Business,Munich,DE,2021-09-23
CUST-03819,Synthetic Customer 03819,Consumer,Stuttgart,DE,2023-01-15
CUST-03820,Synthetic Customer 03820,Mid-Market,Frankfurt,DE,2025-02-04
CUST-03821,Synthetic Customer 03821,Mid-Market,Munich,DE,2024-06-11
CUST-03822,Synthetic Customer 03822,Small Business,Cologne,DE,2024-12-07
CUST-03823,Synthetic Customer 03823,Consumer,Düsseldorf,DE,2025-01-26
CUST-03824,Synthetic Customer 03824,Consumer,Berlin,DE,2022-05-24
CUST-03825,Synthetic Customer 03825,Consumer,Stuttgart,DE,2025-01-07
CUST-03826,Synthetic Customer 03826,Consumer,Frankfurt,DE,2022-11-22
CUST-03827,Synthetic Customer 03827,Mid-Market,Munich,DE,2021-12-26
CUST-03828,Synthetic Customer 03828,Mid-Market,Berlin,DE,2025-01-15
CUST-03829,Synthetic Customer 03829,Consumer,Berlin,DE,2021-11-10
CUST-03830,Synthetic Customer 03830,Consumer,Leipzig,DE,2022-08-18
CUST-03831,Synthetic Customer 03831,Consumer,Warsaw,PL,2024-07-13
CUST-03832,Synthetic Customer 03832,Consumer,Düsseldorf,DE,2024-02-28
CUST-03833,Synthetic Customer 03833,Consumer,Stuttgart,DE,2024-10-15
CUST-03834,Synthetic Customer 03834,Consumer,Berlin,DE,2025-03-18
CUST-03835,Synthetic Customer 03835,Consumer,Hamburg,DE,2023-12-19
CUST-03836,Synthetic Customer 03836,Consumer,Munich,DE,2024-01-22
CUST-03837,Synthetic Customer 03837,Mid-Market,Düsseldorf,DE,2024-05-24
CUST-03838,Synthetic Customer 03838,Consumer,Hamburg,DE,2022-08-10
CUST-03839,Synthetic Customer 03839,Consumer,Stuttgart,DE,2021-12-14
CUST-03840,Synthetic Customer 03840,Consumer,Vienna,AT,2025-02-10
CUST-03841,Synthetic Customer 03841,Consumer,Frankfurt,DE,2023-06-23
CUST-03842,Synthetic Customer 03842,Enterprise,Stuttgart,DE,2023-12-15
CUST-03843,Synthetic Customer 03843,Consumer,Vienna,AT,2025-06-10
CUST-03844,Synthetic Customer 03844,Mid-Market,Vienna,AT,2025-07-09
CUST-03845,Synthetic Customer 03845,Consumer,Cologne,DE,2023-11-27
CUST-03846,Synthetic Customer 03846,Consumer,Berlin,DE,2022-06-21
CUST-03847,Synthetic Customer 03847,Consumer,Paris,FR,2024-03-11
CUST-03848,Synthetic Customer 03848,Consumer,Stuttgart,DE,2024-03-04
CUST-03849,Synthetic Customer 03849,Consumer,Berlin,DE,2024-02-11
CUST-03850,Synthetic Customer 03850,Consumer,Berlin,DE,2023-02-17
CUST-03851,Synthetic Customer 03851,Consumer,Hamburg,DE,2024-02-20
CUST-03852,Synthetic Customer 03852,Consumer,Munich,DE,2023-07-12
CUST-03853,Synthetic Customer 03853,Small Business,Stuttgart,DE,2024-09-19
CUST-03854,Synthetic Customer 03854,Consumer,Berlin,DE,2024-04-28
CUST-03855,Synthetic Customer 03855,Consumer,Vienna,AT,2025-07-11
CUST-03856,Synthetic Customer 03856,Consumer,Stuttgart,DE,2025-05-16
CUST-03857,Synthetic Customer 03857,Consumer,Berlin,DE,2022-09-06
CUST-03858,Synthetic Customer 03858,Small Business,Amsterdam,NL,2022-10-25
CUST-03859,Synthetic Customer 03859,Consumer,Frankfurt,DE,2023-06-21
CUST-03860,Synthetic Customer 03860,Consumer,Frankfurt,DE,2022-08-19
CUST-03861,Synthetic Customer 03861,Small Business,Munich,DE,2024-09-10
CUST-03862,Synthetic Customer 03862,Consumer,Frankfurt,DE,2025-05-14
CUST-03863,Synthetic Customer 03863,Small Business,Hamburg,DE,2025-04-14
CUST-03864,Synthetic Customer 03864,Small Business,Hamburg,DE,2023-08-30
CUST-03865,Synthetic Customer 03865,Consumer,Munich,DE,2023-08-19
CUST-03866,Synthetic Customer 03866,Consumer,Hamburg,DE,2022-05-11
CUST-03867,Synthetic Customer 03867,Enterprise,Prague,CZ,2023-03-21
CUST-03868,Synthetic Customer 03868,Consumer,Leipzig,DE,2024-11-24
CUST-03869,Synthetic Customer 03869,Consumer,Düsseldorf,DE,2023-11-29
CUST-03870,Synthetic Customer 03870,Mid-Market,Düsseldorf,DE,2022-06-07
CUST-03871,Synthetic Customer 03871,Small Business,Frankfurt,DE,2023-11-27
CUST-03872,Synthetic Customer 03872,Consumer,Munich,DE,2025-03-26
CUST-03873,Synthetic Customer 03873,Consumer,Hamburg,DE,2024-04-03
CUST-03874,Synthetic Customer 03874,Consumer,Paris,FR,2022-02-14
CUST-03875,Synthetic Customer 03875,Consumer,Berlin,DE,2023-07-31
CUST-03876,Synthetic Customer 03876,Consumer,Berlin,DE,2025-03-20
CUST-03877,Synthetic Customer 03877,Small Business,Brussels,BE,2021-10-04
CUST-03878,Synthetic Customer 03878,Consumer,Frankfurt,DE,2023-08-05
CUST-03879,Synthetic Customer 03879,Consumer,Berlin,DE,2024-07-04
CUST-03880,Synthetic Customer 03880,Consumer,Cologne,DE,2024-11-19
CUST-03881,Synthetic Customer 03881,Consumer,Munich,DE,2025-01-30
CUST-03882,Synthetic Customer 03882,Consumer,Leipzig,DE,2021-11-19
CUST-03883,Synthetic Customer 03883,Consumer,Hamburg,DE,2024-09-05
CUST-03884,Synthetic Customer 03884,Mid-Market,Warsaw,PL,2022-07-14
CUST-03885,Synthetic Customer 03885,Consumer,Leipzig,DE,2024-04-18
CUST-03886,Synthetic Customer 03886,Small Business,Berlin,DE,2022-03-25
CUST-03887,Synthetic Customer 03887,Consumer,Stuttgart,DE,2024-10-18
CUST-03888,Synthetic Customer 03888,Consumer,Hamburg,DE,2022-09-20
CUST-03889,Synthetic Customer 03889,Small Business,Hamburg,DE,2021-12-23
CUST-03890,Synthetic Customer 03890,Small Business,Hamburg,DE,2024-04-20
CUST-03891,Synthetic Customer 03891,Small Business,Hamburg,DE,2023-09-28
CUST-03892,Synthetic Customer 03892,Consumer,Berlin,DE,2023-07-13
CUST-03893,Synthetic Customer 03893,Small Business,Leipzig,DE,2023-11-20
CUST-03894,Synthetic Customer 03894,Consumer,Paris,FR,2025-01-19
CUST-03895,Synthetic Customer 03895,Enterprise,Leipzig,DE,2025-08-01
CUST-03896,Synthetic Customer 03896,Consumer,Stuttgart,DE,2025-03-20
CUST-03897,Synthetic Customer 03897,Consumer,Warsaw,PL,2023-02-12
CUST-03898,Synthetic Customer 03898,Mid-Market,Amsterdam,NL,2023-08-19
CUST-03899,Synthetic Customer 03899,Consumer,Berlin,DE,2023-05-15
CUST-03900,Synthetic Customer 03900,Consumer,Munich,DE,2023-02-12
CUST-03901,Synthetic Customer 03901,Consumer,Munich,DE,2021-12-20
CUST-03902,Synthetic Customer 03902,Small Business,Berlin,DE,2021-09-25
CUST-03903,Synthetic Customer 03903,Consumer,Frankfurt,DE,2025-05-09
CUST-03904,Synthetic Customer 03904,Consumer,Stuttgart,DE,2024-10-29
CUST-03905,Synthetic Customer 03905,Consumer,Warsaw,PL,2023-09-17
CUST-03906,Synthetic Customer 03906,Consumer,Cologne,DE,2024-12-06
CUST-03907,Synthetic Customer 03907,Consumer,Prague,CZ,2024-02-24
CUST-03908,Synthetic Customer 03908,Consumer,Leipzig,DE,2021-10-19
CUST-03909,Synthetic Customer 03909,Consumer,Stuttgart,DE,2025-05-26
CUST-03910,Synthetic Customer 03910,Consumer,Düsseldorf,DE,2025-02-27
CUST-03911,Synthetic Customer 03911,Consumer,Berlin,DE,2022-01-15
CUST-03912,Synthetic Customer 03912,Consumer,Düsseldorf,DE,2023-11-21
CUST-03913,Synthetic Customer 03913,Small Business,Frankfurt,DE,2023-02-13
CUST-03914,Synthetic Customer 03914,Consumer,Leipzig,DE,2024-12-17
CUST-03915,Synthetic Customer 03915,Consumer,Stuttgart,DE,2023-01-21
CUST-03916,Synthetic Customer 03916,Consumer,Munich,DE,2024-01-01
CUST-03917,Synthetic Customer 03917,Consumer,Munich,DE,2022-11-02
CUST-03918,Synthetic Customer 03918,Consumer,Hamburg,DE,2021-09-30
CUST-03919,Synthetic Customer 03919,Consumer,Munich,DE,2025-05-05
CUST-03920,Synthetic Customer 03920,Consumer,Vienna,AT,2023-04-16
CUST-03921,Synthetic Customer 03921,Consumer,Munich,DE,2024-04-18
CUST-03922,Synthetic Customer 03922,Consumer,Munich,DE,2022-01-14
CUST-03923,Synthetic Customer 03923,Small Business,Hamburg,DE,2024-02-28
CUST-03924,Synthetic Customer 03924,Small Business,Hamburg,DE,2022-09-28
CUST-03925,Synthetic Customer 03925,Consumer,Stuttgart,DE,2022-12-21
CUST-03926,Synthetic Customer 03926,Consumer,Munich,DE,2022-03-21
CUST-03927,Synthetic Customer 03927,Mid-Market,Berlin,DE,2023-01-25
CUST-03928,Synthetic Customer 03928,Consumer,Berlin,DE,2023-11-30
CUST-03929,Synthetic Customer 03929,Consumer,Warsaw,PL,2022-07-24
CUST-03930,Synthetic Customer 03930,Small Business,Cologne,DE,2021-10-18
CUST-03931,Synthetic Customer 03931,Consumer,Cologne,DE,2022-09-24
CUST-03932,Synthetic Customer 03932,Consumer,Frankfurt,DE,2021-10-23
CUST-03933,Synthetic Customer 03933,Small Business,Frankfurt,DE,2025-03-28
CUST-03934,Synthetic Customer 03934,Consumer,Berlin,DE,2023-07-09
CUST-03935,Synthetic Customer 03935,Small Business,Hamburg,DE,2023-11-06
CUST-03936,Synthetic Customer 03936,Small Business,Berlin,DE,2024-05-18
CUST-03937,Synthetic Customer 03937,Small Business,Warsaw,PL,2025-01-02
CUST-03938,Synthetic Customer 03938,Consumer,Berlin,DE,2023-08-08
CUST-03939,Synthetic Customer 03939,Small Business,Vienna,AT,2025-01-22
CUST-03940,Synthetic Customer 03940,Consumer,Stuttgart,DE,2023-02-15
CUST-03941,Synthetic Customer 03941,Mid-Market,Stuttgart,DE,2025-06-16
CUST-03942,Synthetic Customer 03942,Enterprise,Berlin,DE,2024-04-09
CUST-03943,Synthetic Customer 03943,Small Business,Leipzig,DE,2022-11-24
CUST-03944,Synthetic Customer 03944,Consumer,Cologne,DE,2022-09-24
CUST-03945,Synthetic Customer 03945,Small Business,Frankfurt,DE,2023-02-02
CUST-03946,Synthetic Customer 03946,Consumer,Berlin,DE,2023-12-24
CUST-03947,Synthetic Customer 03947,Mid-Market,Warsaw,PL,2023-02-01
CUST-03948,Synthetic Customer 03948,Small Business,Berlin,DE,2024-04-13
CUST-03949,Synthetic Customer 03949,Small Business,Frankfurt,DE,2023-01-11
CUST-03950,Synthetic Customer 03950,Consumer,Stuttgart,DE,2025-04-24
CUST-03951,Synthetic Customer 03951,Consumer,Warsaw,PL,2025-06-07
CUST-03952,Synthetic Customer 03952,Consumer,Cologne,DE,2024-07-28
CUST-03953,Synthetic Customer 03953,Consumer,Munich,DE,2024-04-06
CUST-03954,Synthetic Customer 03954,Consumer,Berlin,DE,2024-12-02
CUST-03955,Synthetic Customer 03955,Small Business,Vienna,AT,2022-07-11
CUST-03956,Synthetic Customer 03956,Consumer,Paris,FR,2025-07-12
CUST-03957,Synthetic Customer 03957,Small Business,Prague,CZ,2023-11-20
CUST-03958,Synthetic Customer 03958,Consumer,Berlin,DE,2022-09-20
CUST-03959,Synthetic Customer 03959,Small Business,Amsterdam,NL,2021-10-05
CUST-03960,Synthetic Customer 03960,Consumer,Cologne,DE,2022-01-10
CUST-03961,Synthetic Customer 03961,Consumer,Cologne,DE,2023-09-12
CUST-03962,Synthetic Customer 03962,Small Business,Brussels,BE,2022-06-27
CUST-03963,Synthetic Customer 03963,Mid-Market,Brussels,BE,2023-04-13
CUST-03964,Synthetic Customer 03964,Small Business,Hamburg,DE,2024-01-24
CUST-03965,Synthetic Customer 03965,Mid-Market,Berlin,DE,2023-06-21
CUST-03966,Synthetic Customer 03966,Consumer,Munich,DE,2024-12-01
CUST-03967,Synthetic Customer 03967,Mid-Market,Cologne,DE,2022-05-08
CUST-03968,Synthetic Customer 03968,Consumer,Munich,DE,2022-12-03
CUST-03969,Synthetic Customer 03969,Consumer,Cologne,DE,2025-03-03
CUST-03970,Synthetic Customer 03970,Small Business,Warsaw,PL,2023-08-12
CUST-03971,Synthetic Customer 03971,Consumer,Berlin,DE,2023-10-18
CUST-03972,Synthetic Customer 03972,Small Business,Berlin,DE,2022-12-24
CUST-03973,Synthetic Customer 03973,Consumer,Munich,DE,2022-10-14
CUST-03974,Synthetic Customer 03974,Small Business,Cologne,DE,2023-04-24
CUST-03975,Synthetic Customer 03975,Mid-Market,Amsterdam,NL,2022-03-01
CUST-03976,Synthetic Customer 03976,Consumer,Vienna,AT,2021-09-22
CUST-03977,Synthetic Customer 03977,Small Business,Düsseldorf,DE,2024-02-01
CUST-03978,Synthetic Customer 03978,Consumer,Frankfurt,DE,2024-05-29
CUST-03979,Synthetic Customer 03979,Small Business,Munich,DE,2021-11-05
CUST-03980,Synthetic Customer 03980,Consumer,Prague,CZ,2024-07-31
CUST-03981,Synthetic Customer 03981,Consumer,Vienna,AT,2024-10-21
CUST-03982,Synthetic Customer 03982,Consumer,Cologne,DE,2023-02-18
CUST-03983,Synthetic Customer 03983,Consumer,Paris,FR,2024-10-14
CUST-03984,Synthetic Customer 03984,Consumer,Leipzig,DE,2023-02-17
CUST-03985,Synthetic Customer 03985,Small Business,Vienna,AT,2023-12-09
CUST-03986,Synthetic Customer 03986,Small Business,Vienna,AT,2025-03-26
CUST-03987,Synthetic Customer 03987,Consumer,Cologne,DE,2022-12-11
CUST-03988,Synthetic Customer 03988,Consumer,Leipzig,DE,2022-04-20
CUST-03989,Synthetic Customer 03989,Consumer,Düsseldorf,DE,2024-03-01
CUST-03990,Synthetic Customer 03990,Consumer,Hamburg,DE,2021-10-08
CUST-03991,Synthetic Customer 03991,Consumer,Munich,DE,2022-03-06
CUST-03992,Synthetic Customer 03992,Small Business,Prague,CZ,2024-09-20
CUST-03993,Synthetic Customer 03993,Small Business,Düsseldorf,DE,2023-09-28
CUST-03994,Synthetic Customer 03994,Consumer,Paris,FR,2024-12-13
CUST-03995,Synthetic Customer 03995,Consumer,Munich,DE,2022-06-10
CUST-03996,Synthetic Customer 03996,Consumer,Amsterdam,NL,2022-04-03
CUST-03997,Synthetic Customer 03997,Small Business,Cologne,DE,2022-07-15
CUST-03998,Synthetic Customer 03998,Mid-Market,Leipzig,DE,2024-06-02
CUST-03999,Synthetic Customer 03999,Consumer,Amsterdam,NL,2024-09-05
CUST-04000,Synthetic Customer 04000,Consumer,Munich,DE,2022-11-05
